VIN,vin_prefix,trim,body_style,cab_style
137ZA9037WE182295,137ZA903_W,Open Top,SUV,null
19UDE2F78GA020523,19UDE2F7_G,Premium,Sedan,null
19UUA56623A083857,19UUA566_3,null,Sedan,null
19UUA56632A007014,19UUA566_2,null,Sedan,null
19UUA5667YA063613,19UUA566_Y,null,Sedan,null
19UUA5668YA010189,19UUA566_Y,null,Sedan,null
19UUA56742A049295,19UUA567_2,null,Sedan,null
19UUA56872A018678,19UUA568_2,Type S,Sedan,null
19UUA56952A015965,19UUA569_2,Type S,Sedan,null
19UUA65514A052115,19UUA655_4,null,Sedan,null
19UUA66216A077393,19UUA662_6,null,Sedan,null
19UUA66234A027768,19UUA662_4,null,Sedan,null
19UUA66237A013387,19UUA662_7,null,Sedan,null
19UUA66246A075637,19UUA662_6,null,Sedan,null
19UUA66254A030770,19UUA662_4,null,Sedan,null
19UUA66264A036335,19UUA662_4,null,Sedan,null
19UUA66275A025426,19UUA662_5,null,Sedan,null
19UUA66284A030892,19UUA662_4,null,Sedan,null
19UUA66284A070907,19UUA662_4,null,Sedan,null
19UUA66285A044471,19UUA662_5,null,Sedan,null
19UUA66286A012959,19UUA662_6,null,Sedan,null
19UUA66286A061420,19UUA662_6,null,Sedan,null
19UUA66286A072773,19UUA662_6,null,Sedan,null
19UUA66287A038222,19UUA662_7,null,Sedan,null
19UUA66288A053255,19UUA662_8,null,Sedan,null
19UUA66295A070531,19UUA662_5,null,Sedan,null
19UUA662X4A039951,19UUA662_4,null,Sedan,null
19UUA662X5A006417,19UUA662_5,null,Sedan,null
19UUA662X5A058405,19UUA662_5,null,Sedan,null
19UUA76517A031757,19UUA765_7,Type S,Sedan,null
19UUA86249A014398,19UUA862_9,null,Sedan,null
19UUA86289A001587,19UUA862_9,null,Sedan,null
19UUA8F22AA022844,19UUA8F2_A,null,Sedan,null
19UUA8F25AA005830,19UUA8F2_A,null,Sedan,null
19UUA8F26AA002371,19UUA8F2_A,null,Sedan,null
19UUA8F29DA006449,19UUA8F2_D,null,Sedan,null
19UUA8F54DA010497,19UUA8F5_D,Technology,Sedan,null
19UUA8F55AA004851,19UUA8F5_A,Technology,Sedan,null
19UUA8F5XCA025648,19UUA8F5_C,Technology,Sedan,null
19UUA9F52AA002089,19UUA9F5_A,Technology,Sedan,null
19UUB2F32GA007675,19UUB2F3_G,null,Sedan,null
19UYA2251XL009479,19UYA225_X,null,Coupe,null
19UYA42661A037544,19UYA426_1,Type S,Coupe,null
19XFA16529E047616,19XFA165_9,LX,Sedan,null
19XFA16869E002768,19XFA168_9,EX,Sedan,null
19XFA1F38AE064309,19XFA1F3_A,DX,Sedan,null
19XFB2F51EE033445,19XFB2F5_E,LX,Sedan,null
19XFB2F52EE055843,19XFB2F5_E,LX,Sedan,null
19XFB2F53DE092513,19XFB2F5_D,LX,Sedan,null
19XFB2F55FE073576,19XFB2F5_F,LX,Sedan,null
19XFB2F59EE082988,19XFB2F5_E,LX,Sedan,null
19XFB2F5XDE232279,19XFB2F5_D,LX,Sedan,null
19XFB2F81CE016345,19XFB2F8_C,EX,Sedan,null
19XFB2F81CE083527,19XFB2F8_C,EX,Sedan,null
19XFB2F82DE079794,19XFB2F8_D,EX,Sedan,null
19XFB2F86EE022984,19XFB2F8_E,EX,Sedan,null
19XFB4F31FE201807,19XFB4F3_F,null,Sedan,null
1A8HW58P09F705562,1A8HW58P_9,Limited Edition,SUV,null
1A8HX58N58F107462,1A8HX58N_8,Limited Edition,SUV,null
1B3BD4FB7BN598558,1B3BD4FB_B,Express,Sedan,null
1B3CB3HA2BD113208,1B3CB3HA_B,Mainstreet,Hatchback,null
1B3CB3HA7BD225373,1B3CB3HA_B,Mainstreet,Hatchback,null
1B3CB4HA5AD533422,1B3CB4HA_A,SXT,Hatchback,null
1B3CC4FB1AN103664,1B3CC4FB_A,SXT,Sedan,null
1B3CC4FB2AN186523,1B3CC4FB_A,SXT,Sedan,null
1B3CC4FD8AN201060,1B3CC4FD_A,SXT,Sedan,null
1B3EJ46X21N627836,1B3EJ46X_1,SE,Sedan,null
1B3EL46X32N334507,1B3EL46X_2,SE Plus,Sedan,null
1B3EL46X85N673512,1B3EL46X_5,SXT,Sedan,null
1B3EL46X96N106811,1B3EL46X_6,SXT,Sedan,null
1B3ES26C84D597895,1B3ES26C_4,SE,Sedan,null
1B3ES46C42D638788,1B3ES46C_2,SE,Sedan,null
1B3ES56C15D280172,1B3ES56C_5,SXT,Sedan,null
1B3ES56C22D625138,1B3ES56C_2,ES,Sedan,null
1B3ES56C74D505080,1B3ES56C_4,SXT,Sedan,null
1B3ES56C93D113698,1B3ES56C_3,SXT,Sedan,null
1B3ES56C95D184547,1B3ES56C_5,SXT,Sedan,null
1B3ES66S25D200973,1B3ES66S_5,SRT4,Sedan,null
1B3ES66S34D518373,1B3ES66S_4,SRT4,Sedan,null
1B3ES66S45D105833,1B3ES66S_5,SRT4,Sedan,null
1B3HB28B87D323568,1B3HB28B_7,null,Hatchback,null
1B3HB28B87D566426,1B3HB28B_7,null,Hatchback,null
1B3HB28BX7D258075,1B3HB28B_7,null,Hatchback,null
1B3HB48B08D685343,1B3HB48B_8,SXT,Hatchback,null
1B3HB48B17D173539,1B3HB48B_7,SXT,Hatchback,null
1B3HB48C08D602258,1B3HB48C_8,SXT,Hatchback,null
1B3HB78K08D788389,1B3HB78K_8,R/T,Hatchback,null
1B3HE78K87D143575,1B3HE78K_7,R/T,Hatchback,null
1B3HE78KX7D524148,1B3HE78K_7,R/T,Hatchback,null
1B3LC46B09N564107,1B3LC46B_9,SE,Sedan,null
1B3LC46R18N240062,1B3LC46R_8,SE,Sedan,null
1B3LC56B19N561397,1B3LC56B_9,SXT,Sedan,null
1B3LC56B49N546733,1B3LC56B_9,SXT,Sedan,null
1B3LC56B99N509600,1B3LC56B_9,SXT,Sedan,null
1B3LC56K48N660486,1B3LC56K_8,SXT,Sedan,null
1B3LC56R18N670891,1B3LC56R_8,SXT,Sedan,null
1B3LC76M78N199054,1B3LC76M_8,R/T,Sedan,null
1B4GP44G1YB790379,1B4GP44G_Y,SE,Minivan,null
1B4HR28Z9XF514439,1B4HR28Z_X,SLT,SUV,null
1B4HR38N42F118530,1B4HR38N_2,Sport,SUV,null
1B4HR48Z32F216585,1B4HR48Z_2,SLT,SUV,null
1B4HS28N31F506345,1B4HS28N_1,SLT,SUV,null
1B4HS28Y2WF151654,1B4HS28Y_W,SLT,SUV,null
1B4HS28Y8WF109988,1B4HS28Y_W,SLT,SUV,null
1B4HS58N42F101663,1B4HS58N_2,SLT,SUV,null
1B7FD14T3GS094866,1B7FD14T_G,null,Pickup,Regular Cab
1B7FL26X71S173022,1B7FL26X_1,null,Pickup,Regular Cab
1B7GG22X0XS105913,1B7GG22X_X,Sport,Pickup,Extended Cab
1B7GG22Y5WS603029,1B7GG22Y_W,null,Pickup,Extended Cab
1B7GG42N62S595650,1B7GG42N_2,SLT,Pickup,Extended Cab
1B7GL12X72S603718,1B7GL12X_2,null,Pickup,Extended Cab
1B7HC13Y7WJ206419,1B7HC13Y_W,null,Pickup,Extended Cab
1B7HC13Z6YJ113676,1B7HC13Z_Y,Laramie,Pickup,Extended Cab
1B7HC16X3WS642231,1B7HC16X_W,Laramie,Pickup,Regular Cab
1B7HC16Y01S166733,1B7HC16Y_1,null,Pickup,Regular Cab
1B7HC16YXXS158244,1B7HC16Y_X,Laramie,Pickup,Regular Cab
1B7HF13Y4TJ171261,1B7HF13Y_T,null,Pickup,Extended Cab
1B7HF16Z1TS546280,1B7HF16Z_T,null,Pickup,Regular Cab
1B7HG48N22S659436,1B7HG48N_2,SLT,Pickup,Crew Cab
1B7HL2AN51S308075,1B7HL2AN_1,Sport,Pickup,Crew Cab
1B7HU18N12J103731,1B7HU18N_2,ST,Pickup,Crew Cab
1B7KF2368XJ627505,1B7KF236_X,null,Pickup,Extended Cab
1B7KF23691J536783,1B7KF236_1,null,Pickup,Extended Cab
1C3AN65L06X069612,1C3AN65L_6,Limited Edition,Convertible,null
1C3AN65L55X046311,1C3AN65L_5,Limited Edition,Convertible,null
1C3AN69L65X038454,1C3AN69L_5,Limited Edition,Coupe,null
1C3BC1FB8BN600578,1C3BC1FB_B,Touring,Sedan,null
1C3BC5ED2AN143047,1C3BC5ED_A,Touring,Convertible,null
1C3BCBEB6CN119544,1C3BCBEB_C,Touring,Convertible,null
1C3CC4FB1AN219997,1C3CC4FB_A,Touring,Sedan,null
1C3CC4FB6AN139899,1C3CC4FB_A,Touring,Sedan,null
1C3CCBAB0DN647026,1C3CCBAB_D,LX,Sedan,null
1C3CCBAB5DN760745,1C3CCBAB_D,LX,Sedan,null
1C3CCBAB6DN685828,1C3CCBAB_D,LX,Sedan,null
1C3CCBBB0DN577770,1C3CCBBB_D,Touring,Sedan,null
1C3CCBBB8CN149220,1C3CCBBB_C,Touring,Sedan,null
1C3CCBCB5CN189009,1C3CCBCB_C,Limited,Sedan,null
1C3CCCAB0FN704429,1C3CCCAB_F,Limited,Sedan,null
1C3CCCAB1FN663924,1C3CCCAB_F,Limited,Sedan,null
1C3CCCAB2FN633430,1C3CCCAB_F,Limited,Sedan,null
1C3CCCAB3FN669224,1C3CCCAB_F,Limited,Sedan,null
1C3CCCAB4FN665912,1C3CCCAB_F,Limited,Sedan,null
1C3CCCAB5FN535783,1C3CCCAB_F,Limited,Sedan,null
1C3CCCAB6FN631647,1C3CCCAB_F,Limited,Sedan,null
1C3CCCAB7FN598903,1C3CCCAB_F,Limited,Sedan,null
1C3CCCABXFN543233,1C3CCCAB_F,Limited,Sedan,null
1C3CDFBA0DD298093,1C3CDFBA_D,SXT,Sedan,null
1C3CDFBA8DD305498,1C3CDFBA_D,SXT,Sedan,null
1C3CDFBA9DD328322,1C3CDFBA_D,SXT,Sedan,null
1C3CDFBAXDD194985,1C3CDFBA_D,SXT,Sedan,null
1C3CDFBAXDD266493,1C3CDFBA_D,SXT,Sedan,null
1C3CDFBB0FD309590,1C3CDFBB_F,SXT,Sedan,null
1C3CDFBB0FD420740,1C3CDFBB_F,SXT,Sedan,null
1C3CDFBB0GD616114,1C3CDFBB_G,SXT,Sedan,null
1C3CDFBB1FD281525,1C3CDFBB_F,SXT,Sedan,null
1C3CDFBB2FD265320,1C3CDFBB_F,SXT,Sedan,null
1C3CDFBB2FD319523,1C3CDFBB_F,SXT,Sedan,null
1C3CDFBB2FD352375,1C3CDFBB_F,SXT,Sedan,null
1C3CDFBB3FD275435,1C3CDFBB_F,SXT,Sedan,null
1C3CDFBB3FD309695,1C3CDFBB_F,SXT,Sedan,null
1C3CDFBB3FD309700,1C3CDFBB_F,SXT,Sedan,null
1C3CDFBB3FD310023,1C3CDFBB_F,SXT,Sedan,null
1C3CDFBB4FD199806,1C3CDFBB_F,SXT,Sedan,null
1C3CDFBB6FD330296,1C3CDFBB_F,SXT,Sedan,null
1C3CDFBB7FD204769,1C3CDFBB_F,SXT,Sedan,null
1C3CDFBB7FD212001,1C3CDFBB_F,SXT,Sedan,null
1C3CDFBB8ED768199,1C3CDFBB_E,SXT,Sedan,null
1C3CDFBB8FD179896,1C3CDFBB_F,SXT,Sedan,null
1C3CDFBB8FD251258,1C3CDFBB_F,SXT,Sedan,null
1C3CDFBB8FD309708,1C3CDFBB_F,SXT,Sedan,null
1C3CDFBB9FD193483,1C3CDFBB_F,SXT,Sedan,null
1C3CDFBBXFD265243,1C3CDFBB_F,SXT,Sedan,null
1C3CDFBBXFD286139,1C3CDFBB_F,SXT,Sedan,null
1C3CDFBBXFD336294,1C3CDFBB_F,SXT,Sedan,null
1C3CDFBH4DD153538,1C3CDFBH_D,SXT,Sedan,null
1C3CDFCA8DD711716,1C3CDFCA_D,Limited,Sedan,null
1C3CDFCB0FD422793,1C3CDFCB_F,Limited,Sedan,null
1C3CDFCH3DD256156,1C3CDFCH_D,Limited,Sedan,null
1C3CDFEB3GD701878,1C3CDFEB_G,GT,Sedan,null
1C3CDZAB0EN196767,1C3CDZAB_E,SE,Sedan,null
1C3CDZAB2CN231452,1C3CDZAB_C,SE,Sedan,null
1C3CDZAB6CN247301,1C3CDZAB_C,SE,Sedan,null
1C3CDZAB7CN215005,1C3CDZAB_C,SE,Sedan,null
1C3CDZABXDN731134,1C3CDZAB_D,SE,Sedan,null
1C3CDZABXEN199305,1C3CDZAB_E,SE,Sedan,null
1C3CDZCB3DN683005,1C3CDZCB_D,SXT,Sedan,null
1C3CDZCB9DN613492,1C3CDZCB_D,SXT,Sedan,null
1C3CDZCBXDN596699,1C3CDZCB_D,SXT,Sedan,null
1C3CDZCG4DN682165,1C3CDZCG_D,SXT,Sedan,null
1C3EL45X04N306560,1C3EL45X_4,null,Convertible,null
1C3EL45X44N371069,1C3EL45X_4,Base,Convertible,null
1C3EL45X54N290789,1C3EL45X_4,null,Convertible,null
1C3EL46R04N249969,1C3EL46R_4,LX,Sedan,null
1C3EL46X54N214374,1C3EL46X_4,Base,Sedan,null
1C3EL55R02N353088,1C3EL55R_2,LXi,Convertible,null
1C3EL55R54N407052,1C3EL55R_4,Touring,Convertible,null
1C3EL55R56N136559,1C3EL55R_6,Touring,Convertible,null
1C3EL55R94N218758,1C3EL55R_4,LXi,Convertible,null
1C3EL55RX2N304335,1C3EL55R_2,LXi,Convertible,null
1C3EL55RX6N183165,1C3EL55R_6,Touring,Convertible,null
1C3EL65U21N592327,1C3EL65U_1,Limited,Convertible,null
1C3LC45B39N515455,1C3LC45B_9,LX,Convertible,null
1C3LC46B59N527377,1C3LC46B_9,LX,Sedan,null
1C3LC46KX7N521782,1C3LC46K_7,Base,Sedan,null
1C3LC56R57N502124,1C3LC56R_7,Touring,Sedan,null
1C3LC66K77N548756,1C3LC66K_7,Limited,Sedan,null
1C3LN65L78X075175,1C3LN65L_8,Limited Edition,Convertible,null
1C4AJWBG6CL228618,1C4AJWBG_C,Sahara,SUV,null
1C4AJWBG6CL237190,1C4AJWBG_C,Sahara,SUV,null
1C4BJWCG0GL267200,1C4BJWCG_G,Rubicon,SUV,null
1C4BJWDG1DL573347,1C4BJWDG_D,Sport,SUV,null
1C4BJWDG1DL580668,1C4BJWDG_D,Sport,SUV,null
1C4BJWDG1FL597425,1C4BJWDG_F,Sport,SUV,null
1C4BJWDG2CL129683,1C4BJWDG_C,null,SUV,null
1C4BJWDG2FL754038,1C4BJWDG_F,Sport,SUV,null
1C4BJWDG2GL286491,1C4BJWDG_G,Sport,SUV,null
1C4BJWDG6DL612675,1C4BJWDG_D,Sport,SUV,null
1C4BJWDG6GL139655,1C4BJWDG_G,null,SUV,null
1C4BJWDG7EL121761,1C4BJWDG_E,Sport,SUV,null
1C4BJWEG0CL152040,1C4BJWEG_C,Sahara,SUV,null
1C4BJWEG0DL677553,1C4BJWEG_D,Sahara,SUV,null
1C4BJWEG0EL228715,1C4BJWEG_E,Sahara,SUV,null
1C4BJWEG1EL302241,1C4BJWEG_E,Sahara,SUV,null
1C4BJWEG2CL177411,1C4BJWEG_C,Sahara,SUV,null
1C4BJWEG4FL514259,1C4BJWEG_F,Sahara,SUV,null
1C4BJWEG4FL691295,1C4BJWEG_F,Sahara,SUV,null
1C4BJWEG6CL198939,1C4BJWEG_C,Sahara,SUV,null
1C4BJWFG5GL210048,1C4BJWFG_G,Rubicon,SUV,null
1C4BJWKG8CL145647,1C4BJWKG_C,Sport RHD,SUV,null
1C4BJWKG9CL287683,1C4BJWKG_C,Sport RHD,SUV,null
1C4GJWAG9EL201461,1C4GJWAG_E,Sport,SUV,null
1C4GP54L5XB821508,1C4GP54L_X,LX,Minivan,null
1C4GP64L3YB633951,1C4GP64L_Y,Limited Edition,Minivan,null
1C4GP64LXWB616531,1C4GP64L_W,LXi,Minivan,null
1C4HJWDG6EL235468,1C4HJWDG_E,Sport,SUV,null
1C4HJWEG3EL285629,1C4HJWEG_E,Sahara,SUV,null
1C4NJCBA1FD285030,1C4NJCBA_F,Sport,SUV,null
1C4NJCBA3GD567963,1C4NJCBA_G,Sport,SUV,null
1C4NJCBA4ED882221,1C4NJCBA_E,Sport,SUV,null
1C4NJCBA7GD620311,1C4NJCBA_G,Sport,SUV,null
1C4NJCBAXGD621646,1C4NJCBA_G,Sport,SUV,null
1C4NJDBB7FD439965,1C4NJDBB_F,Sport,SUV,null
1C4NJPBA1GD515013,1C4NJPBA_G,Sport,SUV,null
1C4NJPBA7ED679489,1C4NJPBA_E,Sport,SUV,null
1C4NJPBA8GD550499,1C4NJPBA_G,Sport,SUV,null
1C4NJPBB3GD576548,1C4NJPBB_G,Sport,SUV,null
1C4NJPCB8ED805530,1C4NJPCB_E,Limited Edition,SUV,null
1C4NJPFA6CD706964,1C4NJPFA_C,Latitude,SUV,null
1C4NJPFA9ED620633,1C4NJPFA_E,Latitude,SUV,null
1C4NJRBB0FD279666,1C4NJRBB_F,Sport,SUV,null
1C4NJRBB0GD549691,1C4NJRBB_G,Sport,SUV,null
1C4NJRBB1ED879305,1C4NJRBB_E,Sport,SUV,null
1C4NJRBB1GD509412,1C4NJRBB_G,Sport,SUV,null
1C4NJRBB5CD528667,1C4NJRBB_C,Sport,SUV,null
1C4NJRBB6FD347291,1C4NJRBB_F,Sport,SUV,null
1C4PJLAK2CW188969,1C4PJLAK_C,Sport,SUV,null
1C4PJLAK5CW104725,1C4PJLAK_C,Sport,SUV,null
1C4PJLAK5CW133982,1C4PJLAK_C,Sport,SUV,null
1C4PJLAK8CW125777,1C4PJLAK_C,Sport,SUV,null
1C4PJLCB1FW607573,1C4PJLCB_F,Latitude,SUV,null
1C4PJLCB3FW694845,1C4PJLCB_F,Latitude,SUV,null
1C4PJLCB3FW747219,1C4PJLCB_F,null,SUV,null
1C4PJLCB5FW706395,1C4PJLCB_F,Latitude,SUV,null
1C4PJLDB0GW239452,1C4PJLDB_G,Limited Edition,SUV,null
1C4PJLDB3GW239431,1C4PJLDB_G,Limited Edition,SUV,null
1C4PJLDS1FW761232,1C4PJLDS_F,Limited Edition,SUV,null
1C4PJLDS9EW118478,1C4PJLDS_E,Limited Edition,SUV,null
1C4PJMBS8EW132851,1C4PJMBS_E,Trailhawk,SUV,null
1C4PJMCB4FW681088,1C4PJMCB_F,Latitude,SUV,null
1C4PJMDB1EW303131,1C4PJMDB_E,Limited Edition,SUV,null
1C4RDHAG3FC244478,1C4RDHAG_F,SXT,SUV,null
1C4RDHDG9EC267161,1C4RDHDG_E,Limited,SUV,null
1C4RDHEG1GC437305,1C4RDHEG_G,Citadel,SUV,null
1C4RDJDG5GC308816,1C4RDJDG_G,Limited,SUV,null
1C4RJEAG4CC157451,1C4RJEAG_C,Laredo,SUV,null
1C4RJEBG0GC358817,1C4RJEBG_G,Limited Edition,SUV,null
1C4RJEBG3FC887872,1C4RJEBG_F,Limited Edition,SUV,null
1C4RJEBG4GC335170,1C4RJEBG_G,Limited Edition,SUV,null
1C4RJEBG5GC320595,1C4RJEBG_G,Limited Edition,SUV,null
1C4RJEBT8DC571619,1C4RJEBT_D,Limited Edition,SUV,null
1C4RJFAG1EC577838,1C4RJFAG_E,Laredo,SUV,null
1C4RJFAG4CC303594,1C4RJFAG_C,null,SUV,null
1C4RJFAG6EC440829,1C4RJFAG_E,Laredo,SUV,null
1C4RJFBG0FC205083,1C4RJFBG_F,Limited Edition,SUV,null
1C4RJFBG2EC254400,1C4RJFBG_E,Limited Edition,SUV,null
1C4RJFBG2GC378637,1C4RJFBG_G,Limited Edition,SUV,null
1C4RJFBG3FC898098,1C4RJFBG_F,Limited Edition,SUV,null
1C4RJFBG4FC233260,1C4RJFBG_F,Limited Edition,SUV,null
1C4RJFBG6FC233261,1C4RJFBG_F,Limited Edition,SUV,null
1C4RJFBG8FC205302,1C4RJFBG_F,Limited Edition,SUV,null
1C4RJFBG9EC276085,1C4RJFBG_E,Limited Edition,SUV,null
1C4RJFBGXFC764561,1C4RJFBG_F,Limited Edition,SUV,null
1C4RJFCT2FC696896,1C4RJFCT_F,null,SUV,null
1C4RJFCT7EC216205,1C4RJFCT_E,Overland,SUV,null
1C4RJFJT7FC696895,1C4RJFJT_F,Summit,SUV,null
1C6RD6FP1CS205409,1C6RD6FP_C,ST,Pickup,Crew Cab
1C6RD6FT3CS301720,1C6RD6FT_C,ST,Pickup,Crew Cab
1C6RD6FT5CS258997,1C6RD6FT_C,ST,Pickup,Crew Cab
1C6RR6GG4GS284290,1C6RR6GG_G,SLT,Pickup,Crew Cab
1C6RR6GG5FS552844,1C6RR6GG_F,SLT,Pickup,Crew Cab
1C6RR6GG8FS521670,1C6RR6GG_F,SLT,Pickup,Crew Cab
1C6RR6GG8FS552921,1C6RR6GG_F,SLT,Pickup,Crew Cab
1C6RR6GT3FS691948,1C6RR6GT_F,SLT,Pickup,Crew Cab
1C6RR6GT9GS240251,1C6RR6GT_G,SLT,Pickup,Crew Cab
1C6RR6GTXFS675147,1C6RR6GT_F,SLT,Pickup,Crew Cab
1C6RR6KT7ES413978,1C6RR6KT_E,ST,Pickup,Crew Cab
1C6RR6KT8ES238222,1C6RR6KT_E,ST,Pickup,Crew Cab
1C6RR6LG7DS607359,1C6RR6LG_D,SLT,Pickup,Crew Cab
1C6RR6NT7DS550588,1C6RR6NT_D,Laramie,Pickup,Crew Cab
1C6RR7FT9DS702374,1C6RR7FT_D,ST,Pickup,Crew Cab
1C6RR7GT0GS221755,1C6RR7GT_G,SLT,Pickup,Crew Cab
1C6RR7GT1GS168208,1C6RR7GT_G,SLT,Pickup,Crew Cab
1C6RR7GT2FS659370,1C6RR7GT_F,SLT,Pickup,Crew Cab
1C6RR7GT2GS176995,1C6RR7GT_G,SLT,Pickup,Crew Cab
1C6RR7GT4GS176836,1C6RR7GT_G,SLT,Pickup,Crew Cab
1C6RR7GT4GS176979,1C6RR7GT_G,SLT,Pickup,Crew Cab
1C6RR7GT5GS176988,1C6RR7GT_G,SLT,Pickup,Crew Cab
1C6RR7GT6GS156300,1C6RR7GT_G,SLT,Pickup,Crew Cab
1C6RR7GT6GS222022,1C6RR7GT_G,SLT,Pickup,Crew Cab
1C6RR7GT7GS156144,1C6RR7GT_G,SLT,Pickup,Crew Cab
1C6RR7GT8GS165662,1C6RR7GT_G,SLT,Pickup,Crew Cab
1C6RR7GT9GS156128,1C6RR7GT_G,null,Pickup,Crew Cab
1C6RR7GT9GS231653,1C6RR7GT_G,SLT,Pickup,Crew Cab
1C6RR7GTXGS156302,1C6RR7GT_G,SLT,Pickup,Crew Cab
1C6RR7GTXGS176842,1C6RR7GT_G,SLT,Pickup,Crew Cab
1C6RR7KT0DS542732,1C6RR7KT_D,ST,Pickup,Crew Cab
1C6RR7KT1GS418960,1C6RR7KT_G,ST,Pickup,Crew Cab
1C6RR7LG8FS502158,1C6RR7LG_F,SLT,Pickup,Crew Cab
1C6RR7LM1FS506851,1C6RR7LM_F,SLT,Pickup,Crew Cab
1C6RR7LM2ES288286,1C6RR7LM_E,SLT,Pickup,Crew Cab
1C6RR7LT0ES283644,1C6RR7LT_E,null,Pickup,Crew Cab
1C6RR7MT5DS511702,1C6RR7MT_D,Sport,Pickup,Crew Cab
1C6RR7NT0DS585768,1C6RR7NT_D,Laramie,Pickup,Crew Cab
1C6RR7NT0ES312511,1C6RR7NT_E,Laramie,Pickup,Crew Cab
1C6RR7PT3DS648066,1C6RR7PT_D,Laramie,Pickup,Crew Cab
1C6RR7PT8ES186637,1C6RR7PT_E,Laramie,Pickup,Crew Cab
1D3HB13T39J502444,1D3HB13T_9,null,Pickup,Crew Cab
1D3HB13T89J516937,1D3HB13T_9,Laramie,Pickup,Crew Cab
1D3HB16P09J516381,1D3HB16P_9,SLT,Pickup,Regular Cab
1D3HU18Z92J182415,1D3HU18Z_2,ST,Pickup,Crew Cab
1D3HV18T99S774135,1D3HV18T_9,null,Pickup,Crew Cab
1D3HW58N25S184763,1D3HW58N_5,Laramie,Pickup,Crew Cab
1D4GP24R66B666469,1D4GP24R_6,SE,Minivan,null
1D4GP24R77B167410,1D4GP24R_7,SE,Minivan,null
1D4GP24R86B650161,1D4GP24R_6,SE,Minivan,null
1D4GP25373B122410,1D4GP253_3,SE,Minivan,null
1D4GP25BX5B285353,1D4GP25B_5,SE,Minivan,null
1D4GP25R87B244249,1D4GP25R_7,SE,Minivan,null
1D4GP45R04B599147,1D4GP45R_4,SXT,Minivan,null
1D4HB48D04F144486,1D4HB48D_4,SLT,SUV,null
1D4HB48N94F200627,1D4HB48N_4,SLT,SUV,null
1D4HB58NX5F582156,1D4HB58N_5,Limited,SUV,null
1D4HD38N16F115630,1D4HD38N_6,SXT,SUV,null
1D4HD38NX4F199539,1D4HD38N_4,ST,SUV,null
1D4HD48N06F190390,1D4HD48N_6,SLT,SUV,null
1D4HD48N36F154659,1D4HD48N_6,SLT,SUV,null
1D4HR48N03F557656,1D4HR48N_3,SLT,SUV,null
1D4HR58N23F506729,1D4HR58N_3,SLT,SUV,null
1D4HR58N23F599686,1D4HR58N_3,SLT,SUV,null
1D4HS48N53F515357,1D4HS48N_3,SLT,SUV,null
1D4PT2GK5BW590112,1D4PT2GK_B,SE,SUV,null
1D4PT4GX5BW606896,1D4PT4GX_B,Heat,SUV,null
1D4PT5GK2AW125674,1D4PT5GK_A,SXT,SUV,null
1D4PU2GK4AW146103,1D4PU2GK_A,SE,SUV,null
1D4RD2GG0BC617140,1D4RD2GG_B,Express,SUV,null
1D7GL42K14S636907,1D7GL42K_4,SLT,Pickup,Extended Cab
1D7HA16D53J571696,1D7HA16D_3,null,Pickup,Regular Cab
1D7HA16DX4J104775,1D7HA16D_4,SLT,Pickup,Regular Cab
1D7HA16DX5J536705,1D7HA16D_5,Laramie,Pickup,Regular Cab
1D7HA16K17J536917,1D7HA16K_7,ST,Pickup,Regular Cab
1D7HA16K32J235137,1D7HA16K_2,null,Pickup,Regular Cab
1D7HA16K85J519738,1D7HA16K_5,ST,Pickup,Regular Cab
1D7HA16N26J195410,1D7HA16N_6,null,Pickup,Regular Cab
1D7HA16N45J553945,1D7HA16N_5,SLT,Pickup,Regular Cab
1D7HA16N54J273577,1D7HA16N_4,ST,Pickup,Regular Cab
1D7HA16N73J502503,1D7HA16N_3,ST,Pickup,Regular Cab
1D7HA18217S248774,1D7HA182_7,Laramie,Pickup,Crew Cab
1D7HA18256J184789,1D7HA182_6,Laramie,Pickup,Crew Cab
1D7HA18258S606430,1D7HA182_8,SLT,Pickup,Crew Cab
1D7HA182X8J135199,1D7HA182_8,null,Pickup,Crew Cab
1D7HA18K78J194114,1D7HA18K_8,ST,Pickup,Crew Cab
1D7HA18K86J146067,1D7HA18K_6,ST,Pickup,Crew Cab
1D7HA18K94J162954,1D7HA18K_4,ST,Pickup,Crew Cab
1D7HA18KX6J157829,1D7HA18K_6,ST,Pickup,Crew Cab
1D7HA18N12S543876,1D7HA18N_2,SLT,Pickup,Crew Cab
1D7HA18N23S208837,1D7HA18N_3,Laramie,Pickup,Crew Cab
1D7HA18N24J123861,1D7HA18N_4,SLT,Pickup,Crew Cab
1D7HA18N34S521784,1D7HA18N_4,null,Pickup,Crew Cab
1D7HA18N34S612652,1D7HA18N_4,SLT,Pickup,Crew Cab
1D7HA18N44S650195,1D7HA18N_4,SLT,Pickup,Crew Cab
1D7HA18N66S634857,1D7HA18N_6,SLT,Pickup,Crew Cab
1D7HA18N73S115487,1D7HA18N_3,SLT,Pickup,Crew Cab
1D7HA18N74S516796,1D7HA18N_4,SLT,Pickup,Crew Cab
1D7HA18NX4J128015,1D7HA18N_4,null,Pickup,Crew Cab
1D7HA18P47J522101,1D7HA18P_7,SLT,Pickup,Crew Cab
1D7HA18P67S153381,1D7HA18P_7,SLT,Pickup,Crew Cab
1D7HE22K15S202751,1D7HE22K_5,ST,Pickup,Extended Cab
1D7HE22K26S677844,1D7HE22K_6,ST,Pickup,Extended Cab
1D7HE22K55S235378,1D7HE22K_5,ST,Pickup,Extended Cab
1D7HE22K75S275607,1D7HE22K_5,ST,Pickup,Extended Cab
1D7HE28K65S261446,1D7HE28K_5,ST,Pickup,Crew Cab
1D7HE28K76S510967,1D7HE28K_6,ST,Pickup,Crew Cab
1D7HE28K96S523512,1D7HE28K_6,ST,Pickup,Crew Cab
1D7HE28N45S223899,1D7HE28N_5,ST,Pickup,Crew Cab
1D7HE48K65S293664,1D7HE48K_5,SLT,Pickup,Crew Cab
1D7HE48N45S183075,1D7HE48N_5,SLT,Pickup,Crew Cab
1D7HE48N66S570549,1D7HE48N_6,SLT,Pickup,Crew Cab
1D7HL38X53S318448,1D7HL38X_3,Sport,Pickup,Crew Cab
1D7HL42N53S100183,1D7HL42N_3,SLT,Pickup,Extended Cab
1D7HL48K34S621241,1D7HL48K_4,SLT,Pickup,Crew Cab
1D7HU16256J129303,1D7HU162_6,null,Pickup,Regular Cab
1D7HU16D95J534838,1D7HU16D_5,SLT,Pickup,Regular Cab
1D7HU16NX2J189825,1D7HU16N_2,null,Pickup,Regular Cab
1D7HU16P07J610007,1D7HU16P_7,null,Pickup,Regular Cab
1D7HU16Z62J198475,1D7HU16Z_2,null,Pickup,Regular Cab
1D7HU18246S573344,1D7HU182_6,Laramie,Pickup,Crew Cab
1D7HU18D15S129757,1D7HU18D_5,null,Pickup,Crew Cab
1D7HU18D45S216553,1D7HU18D_5,SLT,Pickup,Crew Cab
1D7HU18D65J569320,1D7HU18D_5,null,Pickup,Crew Cab
1D7HU18D85S213848,1D7HU18D_5,null,Pickup,Crew Cab
1D7HU18DX4S785633,1D7HU18D_4,SLT,Pickup,Crew Cab
1D7HU18N58S566593,1D7HU18N_8,SLT,Pickup,Crew Cab
1D7HU18NX3S241298,1D7HU18N_3,Laramie,Pickup,Crew Cab
1D7HU18NX6S670431,1D7HU18N_6,null,Pickup,Crew Cab
1D7HW22K85S332006,1D7HW22K_5,ST,Pickup,Extended Cab
1D7HW22P47S256377,1D7HW22P_7,ST,Pickup,Extended Cab
1D7HW42K05S319150,1D7HW42K_5,SLT,Pickup,Extended Cab
1D7HW48K67S128813,1D7HW48K_7,SLT,Pickup,Crew Cab
1D7HW48N36S704463,1D7HW48N_6,SLT,Pickup,Crew Cab
1D7HW48N66S643884,1D7HW48N_6,SLT,Pickup,Crew Cab
1D7KS28C07J524689,1D7KS28C_7,SLT,Pickup,Crew Cab
1D7KS28C57J501084,1D7KS28C_7,SLT,Pickup,Crew Cab
1D7KS28C96J154955,1D7KS28C_6,null,Pickup,Crew Cab
1D7KS28D16J204370,1D7KS28D_6,SLT,Pickup,Crew Cab
1D7RB1CT6AS179623,1D7RB1CT_A,Laramie,Pickup,Crew Cab
1D7RB1CT9AS195024,1D7RB1CT_A,SLT,Pickup,Crew Cab
1D7RB1GP6AS165153,1D7RB1GP_A,TRX,Pickup,Crew Cab
1D7RV1CP1AS241620,1D7RV1CP_A,null,Pickup,Crew Cab
1D7RV1CT4BS513432,1D7RV1CT_B,Laramie,Pickup,Crew Cab
1D7RV1CT9AS217059,1D7RV1CT_A,TRX,Pickup,Crew Cab
1D7RV1GP0BS512730,1D7RV1GP_B,SLT,Pickup,Crew Cab
1D7RV1GT0AS225125,1D7RV1GT_A,Sport,Pickup,Crew Cab
1D7RV1GT1BS707300,1D7RV1GT_B,SLT,Pickup,Crew Cab
1D8GP45R17B139384,1D8GP45R_7,SXT,Minivan,null
1D8GT28K18W124148,1D8GT28K_8,SXT,SUV,null
1D8GT28K28W163024,1D8GT28K_8,SXT,SUV,null
1D8GT28K47W727593,1D8GT28K_7,SXT,SUV,null
1D8GT28K87W556962,1D8GT28K_7,SXT,SUV,null
1D8GT58637W610818,1D8GT586_7,R/T,SUV,null
1D8HB48297F533497,1D8HB482_7,SLT,SUV,null
1D8HB48PX7F543015,1D8HB48P_7,SLT,SUV,null
1D8HB58NX7F536277,1D8HB58N_7,Limited,SUV,null
1D8HD48K28F105623,1D8HD48K_8,SLT,SUV,null
1D8HD58228F115302,1D8HD582_8,Limited,SUV,null
1D8HD58D04F222604,1D8HD58D_4,Limited,SUV,null
1D8HN44HX8B142904,1D8HN44H_8,SE,Minivan,null
1D8HN54P08B179926,1D8HN54P_8,SXT,Minivan,null
1D8HR58NX3F524426,1D8HR58N_3,SLT,SUV,null
1FA6P0H77E5400970,1FA6P0H7_E,SE,Sedan,null
1FA6P0H7XG5107261,1FA6P0H7_G,SE,Sedan,null
1FA6P0HD4E5379274,1FA6P0HD_E,SE,Sedan,null
1FA6P0HD5G5105049,1FA6P0HD_G,SE,Sedan,null
1FA6P8AM4G5326473,1FA6P8AM_G,null,Coupe,null
1FA6P8AM5G5280944,1FA6P8AM_G,null,Coupe,null
1FA6P8CF1F5346404,1FA6P8CF_F,GT,Coupe,null
1FA6P8CF2F5405203,1FA6P8CF_F,GT,Coupe,null
1FA6P8CF6G5229533,1FA6P8CF_G,GT,Coupe,null
1FA6P8CF7G5311142,1FA6P8CF_G,GT,Coupe,null
1FA6P8CF9F5348207,1FA6P8CF_F,GT,Coupe,null
1FA6P8TH2F5348311,1FA6P8TH_F,null,Coupe,null
1FA6P8TH3F5302079,1FA6P8TH_F,null,Coupe,null
1FA6P8TH3F5330884,1FA6P8TH_F,null,Coupe,null
1FA6P8TH3G5257730,1FA6P8TH_G,null,Coupe,null
1FABP28T0FF149776,1FABP28T_F,SVO,Hatchback,null
1FABP45E3HF203673,1FABP45E_H,GT,Convertible,null
1FABP64W1HH128532,1FABP64W_H,Turbo,Coupe,null
1FADP3E26EL121362,1FADP3E2_E,S,Sedan,null
1FADP3F20DL236780,1FADP3F2_D,SE,Sedan,null
1FADP3F21EL266212,1FADP3F2_E,SE,Sedan,null
1FADP3F21EL392215,1FADP3F2_E,SE,Sedan,null
1FADP3F21EL402726,1FADP3F2_E,SE,Sedan,null
1FADP3F21FL244163,1FADP3F2_F,SE,Sedan,null
1FADP3F22FL206537,1FADP3F2_F,SE,Sedan,null
1FADP3F24DL164952,1FADP3F2_D,SE,Sedan,null
1FADP3F24EL371648,1FADP3F2_E,SE,Sedan,null
1FADP3F25DL252943,1FADP3F2_D,SE,Sedan,null
1FADP3F25DL363962,1FADP3F2_D,SE,Sedan,null
1FADP3F25EL332521,1FADP3F2_E,SE,Sedan,null
1FADP3F27DL241698,1FADP3F2_D,SE,Sedan,null
1FADP3F27EL204040,1FADP3F2_E,SE,Sedan,null
1FADP3F27FL242918,1FADP3F2_F,SE,Sedan,null
1FADP3F27GL285723,1FADP3F2_G,SE,Sedan,null
1FADP3F28EL195901,1FADP3F2_E,SE,Sedan,null
1FADP3F28FL250414,1FADP3F2_F,SE,Sedan,null
1FADP3F29DL223154,1FADP3F2_D,SE,Sedan,null
1FADP3F2XDL297215,1FADP3F2_D,SE,Sedan,null
1FADP3J29FL304116,1FADP3J2_F,Titanium,Sedan,null
1FADP3K20DL198988,1FADP3K2_D,SE,Hatchback,null
1FADP3K23EL421851,1FADP3K2_E,SE,Hatchback,null
1FADP3K25DL167316,1FADP3K2_D,SE,Hatchback,null
1FADP3K25DL282854,1FADP3K2_D,SE,Hatchback,null
1FADP3K25DL355334,1FADP3K2_D,SE,Hatchback,null
1FADP3K26EL253414,1FADP3K2_E,SE,Hatchback,null
1FADP3K27DL142689,1FADP3K2_D,SE,Hatchback,null
1FADP3K27EL227467,1FADP3K2_E,SE,Hatchback,null
1FADP3K2XEL185568,1FADP3K2_E,SE,Hatchback,null
1FADP5BU0FL116144,1FADP5BU_F,SEL,Minivan,null
1FADP5BU2FL116288,1FADP5BU_F,SEL,Minivan,null
1FAFP231X5G176791,1FAFP231_5,SE,Sedan,null
1FAFP24126G174968,1FAFP241_6,SEL,Sedan,null
1FAFP24165G151353,1FAFP241_5,SEL,Sedan,null
1FAFP25116G103419,1FAFP251_6,Limited Edition,Sedan,null
1FAFP31N47W197432,1FAFP31N_7,null,Hatchback,null
1FAFP33PXYW322059,1FAFP33P_Y,LX,Sedan,null
1FAFP34332W180849,1FAFP343_2,SE,Sedan,null
1FAFP34N07W236013,1FAFP34N_7,SE,Sedan,null
1FAFP34N37W246888,1FAFP34N_7,S,Sedan,null
1FAFP34N76W179033,1FAFP34N_6,null,Sedan,null
1FAFP34N85W160747,1FAFP34N_5,null,Sedan,null
1FAFP34NX6W132403,1FAFP34N_6,SE,Sedan,null
1FAFP34P33W283208,1FAFP34P_3,SE,Sedan,null
1FAFP34ZX3W237781,1FAFP34Z_3,SE,Sedan,null
1FAFP3831YW334915,1FAFP383_Y,ZTS,Sedan,null
1FAFP40423F352746,1FAFP404_3,null,Coupe,null
1FAFP40434F105947,1FAFP404_4,null,Coupe,null
1FAFP40443F395677,1FAFP404_3,null,Coupe,null
1FAFP40443F427558,1FAFP404_3,null,Coupe,null
1FAFP40452F104795,1FAFP404_2,null,Coupe,null
1FAFP40472F117676,1FAFP404_2,null,Coupe,null
1FAFP40493F386568,1FAFP404_3,null,Coupe,null
1FAFP40604F219311,1FAFP406_4,null,Coupe,null
1FAFP40644F137954,1FAFP406_4,null,Coupe,null
1FAFP40644F156651,1FAFP406_4,null,Coupe,null
1FAFP40684F232520,1FAFP406_4,null,Coupe,null
1FAFP40694F173526,1FAFP406_4,null,Coupe,null
1FAFP42R73F407023,1FAFP42R_3,Mach 1,Coupe,null
1FAFP42R74F238204,1FAFP42R_4,Mach 1,Coupe,null
1FAFP42X0WF161693,1FAFP42X_W,GT,Coupe,null
1FAFP42X24F135559,1FAFP42X_4,GT,Coupe,null
1FAFP42X4YF135813,1FAFP42X_Y,GT,Coupe,null
1FAFP42X54F126676,1FAFP42X_4,GT,Coupe,null
1FAFP42X83F305955,1FAFP42X_3,GT,Coupe,null
1FAFP42X92F178342,1FAFP42X_2,GT,Coupe,null
1FAFP42XX3F360424,1FAFP42X_3,GT,Coupe,null
1FAFP44401F114529,1FAFP444_1,null,Convertible,null
1FAFP44421F157107,1FAFP444_1,null,Convertible,null
1FAFP444X2F167532,1FAFP444_2,null,Convertible,null
1FAFP444XXF129340,1FAFP444_X,Base,Convertible,null
1FAFP45X04F191589,1FAFP45X_4,GT,Convertible,null
1FAFP45X73F366435,1FAFP45X_3,GT,Convertible,null
1FAFP45X8XF185494,1FAFP45X_X,GT,Convertible,null
1FAFP45XXWF123741,1FAFP45X_W,GT,Convertible,null
1FAFP52S2WA205412,1FAFP52S_W,LX,Sedan,null
1FAFP52U22A156174,1FAFP52U_2,LX,Sedan,null
1FAFP532X3A155840,1FAFP532_3,SE,Sedan,null
1FAFP53466A139978,1FAFP534_6,SE,Sedan,null
1FAFP53U04G102273,1FAFP53U_4,SE,Sedan,null
1FAFP53UX7A141766,1FAFP53U_7,SE,Sedan,null
1FAFP55S03G191109,1FAFP55S_3,SES,Sedan,null
1FAFP55S34A203127,1FAFP55S_4,SES,Sedan,null
1FAFP55U02G232886,1FAFP55U_2,SES,Sedan,null
1FAFP55U03A136289,1FAFP55U_3,SES,Sedan,null
1FAFP55U1YG165868,1FAFP55U_Y,SES,Sedan,null
1FAFP55U51A207239,1FAFP55U_1,SES,Sedan,null
1FAFP55U82G175045,1FAFP55U_2,SES,Sedan,null
1FAFP56S52A119662,1FAFP56S_2,SEL,Sedan,null
1FAFP56U16A239367,1FAFP56U_6,SEL,Sedan,null
1FAFP56U37A135223,1FAFP56U_7,SEL,Sedan,null
1FAFP56U55A150951,1FAFP56U_5,SEL,Sedan,null
1FAFP56U75A184941,1FAFP56U_5,SEL,Sedan,null
1FAFP56U77A185073,1FAFP56U_7,SEL,Sedan,null
1FAFP56UX6A246804,1FAFP56U_6,SEL,Sedan,null
1FAFP58U44A183015,1FAFP58U_4,SE,Wagon,null
1FAHP241X7G160570,1FAHP241_7,SEL,Sedan,null
1FAHP24W68G111900,1FAHP24W_8,SEL,Sedan,null
1FAHP28W78G121636,1FAHP28W_8,Limited Edition,Sedan,null
1FAHP2E80DG169883,1FAHP2E8_D,SEL,Sedan,null
1FAHP2E85DG161102,1FAHP2E8_D,SEL,Sedan,null
1FAHP2E88DG225181,1FAHP2E8_D,SEL,Sedan,null
1FAHP2EW7AG105124,1FAHP2EW_A,SEL,Sedan,null
1FAHP2F81DG223092,1FAHP2F8_D,Limited Edition,Sedan,null
1FAHP2FW7AG138638,1FAHP2FW_A,Limited Edition,Sedan,null
1FAHP2FW8AG111268,1FAHP2FW_A,Limited Edition,Sedan,null
1FAHP34N17W341037,1FAHP34N_7,S,Sedan,null
1FAHP34N38W137566,1FAHP34N_8,S,Sedan,null
1FAHP34N56W196521,1FAHP34N_6,null,Sedan,null
1FAHP34P93W249296,1FAHP34P_3,SE,Sedan,null
1FAHP35N18W247126,1FAHP35N_8,SE,Sedan,null
1FAHP35N19W161798,1FAHP35N_9,SE,Sedan,null
1FAHP35N39W151256,1FAHP35N_9,SE,Sedan,null
1FAHP35N78W261421,1FAHP35N_8,SE,Sedan,null
1FAHP35N88W190777,1FAHP35N_8,null,Sedan,null
1FAHP35N89W141113,1FAHP35N_9,SE,Sedan,null
1FAHP35N89W150409,1FAHP35N_9,SE,Sedan,null
1FAHP36382W113508,1FAHP363_2,SE,Wagon,null
1FAHP38Z35W298816,1FAHP38Z_5,ST,Sedan,null
1FAHP3E29CL385108,1FAHP3E2_C,S,Sedan,null
1FAHP3ENXBW193638,1FAHP3EN_B,S,Sedan,null
1FAHP3F20CL123539,1FAHP3F2_C,SE,Sedan,null
1FAHP3F21CL157487,1FAHP3F2_C,SE,Sedan,null
1FAHP3F24CL179645,1FAHP3F2_C,SE,Sedan,null
1FAHP3F25CL460286,1FAHP3F2_C,SE,Sedan,null
1FAHP3F27CL187822,1FAHP3F2_C,SE,Sedan,null
1FAHP3F27CL443540,1FAHP3F2_C,SE,Sedan,null
1FAHP3F28CL471024,1FAHP3F2_C,SE,Sedan,null
1FAHP3F29CL303621,1FAHP3F2_C,SE,Sedan,null
1FAHP3F2XCL453513,1FAHP3F2_C,SE,Sedan,null
1FAHP3FN1BW142740,1FAHP3FN_B,SE,Sedan,null
1FAHP3FN3AW243051,1FAHP3FN_A,SE,Sedan,null
1FAHP3FN4AW193163,1FAHP3FN_A,SE,Sedan,null
1FAHP3FN8BW184998,1FAHP3FN_B,SE,Sedan,null
1FAHP3GN2BW124486,1FAHP3GN_B,SES,Sedan,null
1FAHP3GN8BW203175,1FAHP3GN_B,SES,Sedan,null
1FAHP3H21CL377905,1FAHP3H2_C,SEL,Sedan,null
1FAHP3H27CL192077,1FAHP3H2_C,SEL,Sedan,null
1FAHP3H28CL348501,1FAHP3H2_C,SEL,Sedan,null
1FAHP3HN3AW121416,1FAHP3HN_A,SEL,Sedan,null
1FAHP3HN3AW231477,1FAHP3HN_A,SEL,Sedan,null
1FAHP3K20CL258395,1FAHP3K2_C,SE,Hatchback,null
1FAHP3K25CL167106,1FAHP3K2_C,SE,Hatchback,null
1FAHP3K25CL282188,1FAHP3K2_C,SE,Hatchback,null
1FAHP3K2XCL461410,1FAHP3K2_C,SE,Hatchback,null
1FAHP3M20CL122474,1FAHP3M2_C,SEL,Hatchback,null
1FAHP3M21CL433590,1FAHP3M2_C,SEL,Hatchback,null
1FAHP3M25CL334464,1FAHP3M2_C,SEL,Hatchback,null
1FAHP53U46A209129,1FAHP53U_6,SE,Sedan,null
1FAHP53U91G123546,1FAHP53U_1,SE,Sedan,null
1FAHP53U95A268143,1FAHP53U_5,SE,Sedan,null
1FAHP56S33G122244,1FAHP56S_3,SEL,Sedan,null
1FAHP60A22Y123058,1FAHP60A_2,null,Convertible,null
1FAHP60A83Y112602,1FAHP60A_3,null,Convertible,null
1FAHP60A92Y113711,1FAHP60A_2,null,Convertible,null
1FALP13P8VW385549,1FALP13P_V,LX,Sedan,null
1FALP4048VF144604,1FALP404_V,Base,Coupe,null
1FALP4444RF181083,1FALP444_R,null,Convertible,null
1FALP45T7SF131600,1FALP45T_S,GT,Convertible,null
1FALP45TXRF221625,1FALP45T_R,GT,Convertible,null
1FALP54N2VA202972,1FALP54N_V,SHO,Sedan,null
1FALP57U7VG185621,1FALP57U_V,GL,Wagon,null
1FALP62W6VH108876,1FALP62W_V,LX,Coupe,null
1FATP8EM0G5238646,1FATP8EM_G,null,Convertible,null
1FBNE31L97DA75661,1FBNE31L_7,E-350,Van,null
1FBSS3BL7EDA28619,1FBSS3BL_E,E-350,Van,null
1FDBF2A67CEA93799,1FDBF2A6_C,null,Pickup,Regular Cab
1FDEE14H8SHB51228,1FDEE14H_S,E-150,Chassis,null
1FDKE37G6JHB05767,1FDKE37G_J,E-350,Chassis,null
1FDKF37HXMNA50123,1FDKF37H_M,null,Chassis,Regular Cab
1FDWE35P35HA55629,1FDWE35P_5,E-350,Chassis,null
1FDWF36PX7EA79202,1FDWF36P_7,XL,Chassis,Regular Cab
1FDWW32R08EA53376,1FDWW32R_8,XL,Chassis,Crew Cab
1FDWX36P23EB49511,1FDWX36P_3,XL,Chassis,Extended Cab
1FM5K7D81DGA68938,1FM5K7D8_D,XLT,SUV,null
1FM5K7D82DGA69970,1FM5K7D8_D,XLT,SUV,null
1FM5K7D84FGC23145,1FM5K7D8_F,XLT,SUV,null
1FM5K7D87DGC44102,1FM5K7D8_D,XLT,SUV,null
1FM5K7D8XDGA71871,1FM5K7D8_D,XLT,SUV,null
1FM5K7F87GGA87902,1FM5K7F8_G,Limited Edition,SUV,null
1FM5K7F88FGA28226,1FM5K7F8_F,Limited Edition,SUV,null
1FM5K7F89GGC13838,1FM5K7F8_G,Limited Edition,SUV,null
1FM5K7F8XDGA00926,1FM5K7F8_D,Limited Edition,SUV,null
1FM5K7F8XFGC06671,1FM5K7F8_F,Limited Edition,SUV,null
1FM5K8B83DGA99696,1FM5K8B8_D,Base,SUV,null
1FM5K8D84DGA50892,1FM5K8D8_D,XLT,SUV,null
1FM5K8D85EGB19722,1FM5K8D8_E,XLT,SUV,null
1FM5K8D89GGA11767,1FM5K8D8_G,XLT,SUV,null
1FM5K8D8XDGB38197,1FM5K8D8_D,XLT,SUV,null
1FM5K8D8XGGA39139,1FM5K8D8_G,XLT,SUV,null
1FM5K8F85GGA76810,1FM5K8F8_G,Limited Edition,SUV,null
1FM5K8F89GGA77071,1FM5K8F8_G,Limited Edition,SUV,null
1FM5K8GT0DGB94584,1FM5K8GT_D,Sport,SUV,null
1FMCU02Z18KB44021,1FMCU02Z_8,XLS,SUV,null
1FMCU02Z26KC97150,1FMCU02Z_6,XLS,SUV,null
1FMCU02Z68KE12495,1FMCU02Z_8,XLS,SUV,null
1FMCU03128KD30983,1FMCU031_8,XLT,SUV,null
1FMCU03188KA20384,1FMCU031_8,XLT,SUV,null
1FMCU031X2KC83337,1FMCU031_2,XLT,SUV,null
1FMCU03G29KB93999,1FMCU03G_9,XLT,SUV,null
1FMCU03G99KA09142,1FMCU03G_9,XLT,SUV,null
1FMCU04123KA07234,1FMCU041_3,Limited,SUV,null
1FMCU04138KE12381,1FMCU041_8,Limited,SUV,null
1FMCU04191KB70234,1FMCU041_1,XLT,SUV,null
1FMCU04GX9KB95014,1FMCU04G_9,Limited,SUV,null
1FMCU0C71AKD46828,1FMCU0C7_A,XLS,SUV,null
1FMCU0C77CKC19343,1FMCU0C7_C,XLS,SUV,null
1FMCU0D70AKA07914,1FMCU0D7_A,XLT,SUV,null
1FMCU0D78BKB23914,1FMCU0D7_B,XLT,SUV,null
1FMCU0D79AKB94473,1FMCU0D7_A,XLT,SUV,null
1FMCU0D7XAKB51793,1FMCU0D7_A,XLT,SUV,null
1FMCU0D7XBKC16451,1FMCU0D7_B,XLT,SUV,null
1FMCU0DG1BKB22619,1FMCU0DG_B,XLT,SUV,null
1FMCU0DG5CKB04156,1FMCU0DG_C,XLT,SUV,null
1FMCU0DGXAKB02318,1FMCU0DG_A,XLT,SUV,null
1FMCU0E70CKC04681,1FMCU0E7_C,Limited,SUV,null
1FMCU0EG1BKA14886,1FMCU0EG_B,Limited,SUV,null
1FMCU0EG4BKA04093,1FMCU0EG_B,Limited,SUV,null
1FMCU0EG8AKD09725,1FMCU0EG_A,Limited,SUV,null
1FMCU0F71DUD87917,1FMCU0F7_D,S,SUV,null
1FMCU0F75DUA57357,1FMCU0F7_D,S,SUV,null
1FMCU0F77FUC26748,1FMCU0F7_F,S,SUV,null
1FMCU0GX0EUA66970,1FMCU0GX_E,SE,SUV,null
1FMCU0GX0EUA76060,1FMCU0GX_E,SE,SUV,null
1FMCU0GX0FUB32208,1FMCU0GX_F,SE,SUV,null
1FMCU0GX3EUD02611,1FMCU0GX_E,SE,SUV,null
1FMCU0GX3EUD98613,1FMCU0GX_E,SE,SUV,null
1FMCU0GX4DUB69338,1FMCU0GX_D,SE,SUV,null
1FMCU0GX8EUB05269,1FMCU0GX_E,SE,SUV,null
1FMCU0GX8EUD02927,1FMCU0GX_E,SE,SUV,null
1FMCU0GX9EUD32650,1FMCU0GX_E,SE,SUV,null
1FMCU0GX9GUA80935,1FMCU0GX_G,SE,SUV,null
1FMCU0GXXDUD08775,1FMCU0GX_D,SE,SUV,null
1FMCU0GXXEUC02781,1FMCU0GX_E,SE,SUV,null
1FMCU0J93FUA46630,1FMCU0J9_F,Titanium,SUV,null
1FMCU0J94EUD14048,1FMCU0J9_E,Titanium,SUV,null
1FMCU0J98FUA20010,1FMCU0J9_F,Titanium,SUV,null
1FMCU49H38KB33042,1FMCU49H_8,null,SUV,null
1FMCU4K36AKB78920,1FMCU4K3_A,null,SUV,null
1FMCU59399KC39135,1FMCU593_9,null,SUV,null
1FMCU93136KA24196,1FMCU931_6,XLT,SUV,null
1FMCU931X7KA66186,1FMCU931_7,XLT,SUV,null
1FMCU931X7KB17105,1FMCU931_7,XLT,SUV,null
1FMCU93G29KA77156,1FMCU93G_9,XLT,SUV,null
1FMCU93Z88KC62540,1FMCU93Z_8,XLT,SUV,null
1FMCU94168KB03900,1FMCU941_8,Limited,SUV,null
1FMCU94185KA81748,1FMCU941_5,Limited,SUV,null
1FMCU96H36KB13372,1FMCU96H_6,null,SUV,null
1FMCU9D77CKA77577,1FMCU9D7_C,XLT,SUV,null
1FMCU9DG4CKA62468,1FMCU9DG_C,XLT,SUV,null
1FMCU9G97FUC82242,1FMCU9G9_F,SE,SUV,null
1FMCU9GX0FUC11625,1FMCU9GX_F,SE,SUV,null
1FMCU9GX1DUB35040,1FMCU9GX_D,SE,SUV,null
1FMCU9H91DUA58198,1FMCU9H9_D,SEL,SUV,null
1FMCU9H91DUB36639,1FMCU9H9_D,SEL,SUV,null
1FMCU9H95DUC26201,1FMCU9H9_D,SEL,SUV,null
1FMCU9JX5EUA78805,1FMCU9JX_E,Titanium,SUV,null
1FMDK02187GA18924,1FMDK021_7,SEL,SUV,null
1FMDK02W28GA23839,1FMDK02W_8,SEL,SUV,null
1FMDU34E8VUC21578,1FMDU34E_V,null,SUV,null
1FMDU34X8SUB56759,1FMDU34X_S,null,SUV,null
1FMDU34XXTUB75427,1FMDU34X_T,Eddie Bauer,SUV,null
1FMDU35P9TUD11772,1FMDU35P_T,Eddie Bauer,SUV,null
1FMDU64E8YZB23367,1FMDU64E_Y,Eddie Bauer,SUV,null
1FMDU67K15UA94000,1FMDU67K_5,null,Pickup,Crew Cab
1FMDU73KX4UB50493,1FMDU73K_4,XLT,SUV,null
1FMDU74E6YZC59020,1FMDU74E_Y,Eddie Bauer,SUV,null
1FMDU74WX5UA09605,1FMDU74W_5,Eddie Bauer,SUV,null
1FMDU75W13UB85227,1FMDU75W_3,Limited Edition,SUV,null
1FMDU75W84ZA97487,1FMDU75W_4,Limited Edition,SUV,null
1FMDU75WX3ZA02684,1FMDU75W_3,Limited Edition,SUV,null
1FMDU77K84UA62388,1FMDU77K_4,XLS,Pickup,Crew Cab
1FMEU15H0SLA03413,1FMEU15H_S,null,SUV,null
1FMEU15H6RLA05838,1FMEU15H_R,Eddie Bauer,SUV,null
1FMEU15W34LA51134,1FMEU15W_4,XLT,SUV,null
1FMEU17W64LA14821,1FMEU17W_4,Eddie Bauer,SUV,null
1FMEU31817UA21387,1FMEU318_7,XLT,Pickup,Crew Cab
1FMEU31827UA14626,1FMEU318_7,XLT,Pickup,Crew Cab
1FMEU31E88UA34693,1FMEU31E_8,XLT,Pickup,Crew Cab
1FMEU31E88UB23969,1FMEU31E_8,XLT,Pickup,Crew Cab
1FMEU31EX8UA37501,1FMEU31E_8,XLT,Pickup,Crew Cab
1FMEU31K27UA06358,1FMEU31K_7,XLT,Pickup,Crew Cab
1FMEU33807UA22169,1FMEU338_7,Limited,Pickup,Crew Cab
1FMEU33E78UA41020,1FMEU33E_8,Limited,Pickup,Crew Cab
1FMEU3BE2AUA04500,1FMEU3BE_A,XLT,Pickup,Crew Cab
1FMEU51K07UA27379,1FMEU51K_7,XLT,Pickup,Crew Cab
1FMEU53807UA02791,1FMEU538_7,Limited,Pickup,Crew Cab
1FMEU53K07UA50805,1FMEU53K_7,Limited,Pickup,Crew Cab
1FMEU62EX6UA20579,1FMEU62E_6,XLS,SUV,null
1FMEU63E26UA28190,1FMEU63E_6,XLT,SUV,null
1FMEU63E28UA09870,1FMEU63E_8,XLT,SUV,null
1FMEU63E48UA79886,1FMEU63E_8,XLT,SUV,null
1FMEU63E57UA35930,1FMEU63E_7,XLT,SUV,null
1FMEU63E86UA12737,1FMEU63E_6,XLT,SUV,null
1FMEU64817UA99911,1FMEU648_7,Eddie Bauer,SUV,null
1FMEU64E47UB51179,1FMEU64E_7,Eddie Bauer,SUV,null
1FMEU64EX8UB06927,1FMEU64E_8,Eddie Bauer,SUV,null
1FMEU65887UA54625,1FMEU658_7,Limited Edition,SUV,null
1FMEU6EE7AUA03906,1FMEU6EE_A,Eddie Bauer,SUV,null
1FMEU6EE9AUA90661,1FMEU6EE_A,Eddie Bauer,SUV,null
1FMEU73E47UA87586,1FMEU73E_7,XLT,SUV,null
1FMEU73E76UA93736,1FMEU73E_6,XLT,SUV,null
1FMEU73E77UB29099,1FMEU73E_7,XLT,SUV,null
1FMEU73E78UB32313,1FMEU73E_8,XLT,SUV,null
1FMEU73EX6UB07113,1FMEU73E_6,XLT,SUV,null
1FMEU74E77UB16724,1FMEU74E_7,Eddie Bauer,SUV,null
1FMEU75816ZA14880,1FMEU758_6,Limited Edition,SUV,null
1FMEU75849UA31979,1FMEU758_9,Limited Edition,SUV,null
1FMEU7DE4AUA78277,1FMEU7DE_A,XLT,SUV,null
1FMFK17538LA38842,1FMFK175_8,Eddie Bauer,SUV,null
1FMFK17577LA47459,1FMFK175_7,Eddie Bauer,SUV,null
1FMFK18557LA17746,1FMFK185_7,Eddie Bauer,SUV,null
1FMFK19509LA00239,1FMFK195_9,Limited,SUV,null
1FMFK19578LA15013,1FMFK195_8,Limited,SUV,null
1FMFU15567LA43173,1FMFU155_7,XLT,SUV,null
1FMFU155X6LA24656,1FMFU155_6,XLT,SUV,null
1FMFU16579EA86426,1FMFU165_9,XLT,SUV,null
1FMFU17508LA61294,1FMFU175_8,Eddie Bauer,SUV,null
1FMFU17517LA11261,1FMFU175_7,Eddie Bauer,SUV,null
1FMFU17528LA48921,1FMFU175_8,null,SUV,null
1FMFU17537LA73843,1FMFU175_7,Eddie Bauer,SUV,null
1FMFU17557LA73813,1FMFU175_7,Eddie Bauer,SUV,null
1FMFU17567LA52484,1FMFU175_7,Eddie Bauer,SUV,null
1FMFU17569EB27756,1FMFU175_9,Eddie Bauer,SUV,null
1FMFU17586LA87963,1FMFU175_6,Eddie Bauer,SUV,null
1FMFU175X8LA26813,1FMFU175_8,null,SUV,null
1FMFU17L33LB33743,1FMFU17L_3,Eddie Bauer,SUV,null
1FMFU17L73LB68141,1FMFU17L_3,Eddie Bauer,SUV,null
1FMFU17L74LB21757,1FMFU17L_4,Eddie Bauer,SUV,null
1FMFU18L23LB52136,1FMFU18L_3,Eddie Bauer,SUV,null
1FMFU19527LA68534,1FMFU195_7,Limited,SUV,null
1FMFU19565LA89982,1FMFU195_5,Limited,SUV,null
1FMFU20568LA14111,1FMFU205_8,Limited,SUV,null
1FMHK7D84BGA49276,1FMHK7D8_B,XLT,SUV,null
1FMHK7D85BGA84036,1FMHK7D8_B,XLT,SUV,null
1FMJK1G54DEF66916,1FMJK1G5_D,XL,SUV,null
1FMJK1H55BEF33905,1FMJK1H5_B,null,SUV,null
1FMJK1JT4FEF32243,1FMJK1JT_F,null,SUV,null
1FMJK1K52BEF19811,1FMJK1K5_B,Limited,SUV,null
1FMJK1MT8FEF00195,1FMJK1MT_F,Platinum,SUV,null
1FMJK2A5XAEB73058,1FMJK2A5_A,Limited,SUV,null
1FMJU1H51BEF05061,1FMJU1H5_B,XLT,SUV,null
1FMJU1H55DEF27521,1FMJU1H5_D,XLT,SUV,null
1FMJU1J50AEB52515,1FMJU1J5_A,Eddie Bauer,SUV,null
1FMJU1JT3FEF05335,1FMJU1JT_F,XLT,SUV,null
1FMNU40S13ED68774,1FMNU40S_3,XLT,SUV,null
1FMNU40S81EB86888,1FMNU40S_1,XLT,SUV,null
1FMNU41S21EB99747,1FMNU41S_1,XLT,SUV,null
1FMNU41S23EA16186,1FMNU41S_3,XLT,SUV,null
1FMNU41S2YEC99759,1FMNU41S_Y,XLT,SUV,null
1FMNU43S0YEE34962,1FMNU43S_Y,Limited,SUV,null
1FMNU43S3YEA93542,1FMNU43S_Y,Limited,SUV,null
1FMPU13506LA70777,1FMPU135_6,XLS,SUV,null
1FMPU15505LA05746,1FMPU155_5,XLT,SUV,null
1FMPU15525LA72106,1FMPU155_5,XLT,SUV,null
1FMPU15536LA77462,1FMPU155_6,XLT,SUV,null
1FMPU15565LA42638,1FMPU155_5,XLT,SUV,null
1FMPU15566LA90514,1FMPU155_6,XLT,SUV,null
1FMPU16L3YLB43900,1FMPU16L_Y,XLT,SUV,null
1FMPU17535LA92149,1FMPU175_5,Eddie Bauer,SUV,null
1FMPU17536LA18683,1FMPU175_6,null,SUV,null
1FMPU17546LA48467,1FMPU175_6,Eddie Bauer,SUV,null
1FMPU18L4WLC41182,1FMPU18L_W,Eddie Bauer,SUV,null
1FMPU18L72LA11856,1FMPU18L_2,Eddie Bauer,SUV,null
1FMPU20576LA68101,1FMPU205_6,Limited,SUV,null
1FMRU15L12LA34112,1FMRU15L_2,XLT,SUV,null
1FMRU15L22LA86221,1FMRU15L_2,XLT,SUV,null
1FMRU15W31LB26086,1FMRU15W_1,XLT,SUV,null
1FMRU15W34LA95538,1FMRU15W_4,XLT,SUV,null
1FMRU15W63LB41300,1FMRU15W_3,XLT,SUV,null
1FMRU15W82LA59647,1FMRU15W_2,XLT,SUV,null
1FMRU1762XLC45544,1FMRU176_X,null,SUV,null
1FMRU1768WLB94999,1FMRU176_W,Eddie Bauer,SUV,null
1FMRU17L6WLA79047,1FMRU17L_W,null,SUV,null
1FMSU43F4YEB85197,1FMSU43F_Y,Limited,SUV,null
1FMSU43P15ED46691,1FMSU43P_5,Limited,SUV,null
1FMSU43P65EC25235,1FMSU43P_5,Limited,SUV,null
1FMYU02Z55KA28953,1FMYU02Z_5,XLS,SUV,null
1FMYU03125KD89100,1FMYU031_5,XLT,SUV,null
1FMYU03135KA89632,1FMYU031_5,XLT,SUV,null
1FMYU03135KB12679,1FMYU031_5,XLT,SUV,null
1FMYU03145KE17222,1FMYU031_5,XLT,SUV,null
1FMYU03156KA29479,1FMYU031_6,XLT,SUV,null
1FMYU03Z26KD48103,1FMYU03Z_6,XLT,SUV,null
1FMYU04121KB26971,1FMYU041_1,XLT,SUV,null
1FMYU04131KB60224,1FMYU041_1,XLT,SUV,null
1FMYU041X1KB91647,1FMYU041_1,XLT,SUV,null
1FMYU60E03UB56036,1FMYU60E_3,Sport,SUV,null
1FMYU60E31UA28516,1FMYU60E_1,Sport,SUV,null
1FMYU60E81UA23487,1FMYU60E_1,Sport,SUV,null
1FMYU60E93UB87785,1FMYU60E_3,Sport,SUV,null
1FMYU93105KB23837,1FMYU931_5,XLT,SUV,null
1FMYU93113KB88077,1FMYU931_3,XLT,SUV,null
1FMYU93125KB14105,1FMYU931_5,XLT,SUV,null
1FMYU93135KB75303,1FMYU931_5,XLT,SUV,null
1FMYU93144KA40541,1FMYU931_4,XLT,SUV,null
1FMYU93146KA98703,1FMYU931_6,XLT,SUV,null
1FMYU93163KB77219,1FMYU931_3,XLT,SUV,null
1FMYU93174KB06242,1FMYU931_4,XLT,SUV,null
1FMYU93176KA11165,1FMYU931_6,XLT,SUV,null
1FMYU93Z46KC16254,1FMYU93Z_6,XLT,SUV,null
1FMYU94156KC71661,1FMYU941_6,Limited,SUV,null
1FMYU94176KD24148,1FMYU941_6,Limited,SUV,null
1FMYU95H66KA52610,1FMYU95H_6,null,SUV,null
1FMZK02157GA08728,1FMZK021_7,SEL,SUV,null
1FMZU32X9XUA04831,1FMZU32X_X,XL,SUV,null
1FMZU34E0WZA11762,1FMZU34E_W,null,SUV,null
1FMZU62K33UA34357,1FMZU62K_3,XLS,SUV,null
1FMZU62K54UB83662,1FMZU62K_4,XLS,SUV,null
1FMZU62K64UB37273,1FMZU62K_4,null,SUV,null
1FMZU62K93UC23076,1FMZU62K_3,XLS,SUV,null
1FMZU62KX5UA45553,1FMZU62K_5,XLS,SUV,null
1FMZU63E12UA57305,1FMZU63E_2,XLT,SUV,null
1FMZU63E8YZA66790,1FMZU63E_Y,XLT,SUV,null
1FMZU63K04ZB45936,1FMZU63K_4,XLT,SUV,null
1FMZU63K14UC18907,1FMZU63K_4,null,SUV,null
1FMZU63K23UB85320,1FMZU63K_3,null,SUV,null
1FMZU63K43UA10406,1FMZU63K_3,XLT,SUV,null
1FMZU63K63UB40834,1FMZU63K_3,null,SUV,null
1FMZU63X9YUA21744,1FMZU63X_Y,XLT,SUV,null
1FMZU63X9YUB36828,1FMZU63X_Y,XLT,SUV,null
1FMZU64K35UB10790,1FMZU64K_5,Eddie Bauer,SUV,null
1FMZU64W13UB76318,1FMZU64W_3,Eddie Bauer,SUV,null
1FMZU64W64UA63529,1FMZU64W_4,Eddie Bauer,SUV,null
1FMZU65K64UA54731,1FMZU65K_4,Limited Edition,SUV,null
1FMZU67E42UC24119,1FMZU67E_2,null,Pickup,Crew Cab
1FMZU67K04UB86171,1FMZU67K_4,null,Pickup,Crew Cab
1FMZU67K15UA22784,1FMZU67K_5,XLS,Pickup,Crew Cab
1FMZU67K24UB59392,1FMZU67K_4,XLS,Pickup,Crew Cab
1FMZU67K34UA35065,1FMZU67K_4,null,Pickup,Crew Cab
1FMZU67K35UB02636,1FMZU67K_5,null,Pickup,Crew Cab
1FMZU67K44UA35785,1FMZU67K_4,XLT,Pickup,Crew Cab
1FMZU67K45UA98659,1FMZU67K_5,XLT,Pickup,Crew Cab
1FMZU67K55UB78178,1FMZU67K_5,null,Pickup,Crew Cab
1FMZU67K84UB15963,1FMZU67K_4,XLS,Pickup,Crew Cab
1FMZU67KX5UB13245,1FMZU67K_5,XLT,Pickup,Crew Cab
1FMZU73E04UB95829,1FMZU73E_4,null,SUV,null
1FMZU73E15ZA20350,1FMZU73E_5,null,SUV,null
1FMZU73E45UA69166,1FMZU73E_5,XLT,SUV,null
1FMZU73E54UB94806,1FMZU73E_4,XLT,SUV,null
1FMZU73E82UC40609,1FMZU73E_2,XLT,SUV,null
1FMZU73K94UB61622,1FMZU73K_4,XLT,SUV,null
1FMZU73KX3UC02614,1FMZU73K_3,XLT,SUV,null
1FMZU73W35UB20035,1FMZU73W_5,null,SUV,null
1FMZU73W72UB68729,1FMZU73W_2,XLT,SUV,null
1FMZU74E32ZA25446,1FMZU74E_2,Eddie Bauer,SUV,null
1FMZU74E62ZB30174,1FMZU74E_2,Eddie Bauer,SUV,null
1FMZU77E32UC04840,1FMZU77E_2,Value,Pickup,Crew Cab
1FMZU77E83UB67429,1FMZU77E_3,XLT,Pickup,Crew Cab
1FMZU77K64UA96769,1FMZU77K_4,XLT,Pickup,Crew Cab
1FMZU77K74UA89796,1FMZU77K_4,null,Pickup,Crew Cab
1FMZU84P6YZA52088,1FMZU84P_Y,Eddie Bauer,SUV,null
1FT7W2B61GEA31541,1FT7W2B6_G,null,Pickup,Crew Cab
1FT7W2B64EEA54213,1FT7W2B6_E,null,Pickup,Crew Cab
1FT7W2B65GEB53903,1FT7W2B6_G,null,Pickup,Crew Cab
1FT7W2B69BEC94692,1FT7W2B6_B,null,Pickup,Crew Cab
1FT7W2B6XBEB97680,1FT7W2B6_B,Lariat,Pickup,Crew Cab
1FT7W2BT0FEC51578,1FT7W2BT_F,null,Pickup,Crew Cab
1FT7W2BT1FED56520,1FT7W2BT_F,XLT,Pickup,Crew Cab
1FT7W2BT1GEA19749,1FT7W2BT_G,XL,Pickup,Crew Cab
1FT7W2BT1GEA65789,1FT7W2BT_G,XLT,Pickup,Crew Cab
1FT7W2BT3EEB05254,1FT7W2BT_E,Lariat,Pickup,Crew Cab
1FT7W2BT3GEB53842,1FT7W2BT_G,null,Pickup,Crew Cab
1FT7W2BT4BEB07588,1FT7W2BT_B,Lariat,Pickup,Crew Cab
1FT7W2BT5FEA83596,1FT7W2BT_F,XL,Pickup,Crew Cab
1FT7W2BT7FEB09857,1FT7W2BT_F,null,Pickup,Crew Cab
1FT7W2BT8CEC33759,1FT7W2BT_C,XLT,Pickup,Crew Cab
1FT7W2BT9CEB91229,1FT7W2BT_C,Lariat,Pickup,Crew Cab
1FT7W2BT9DEA37198,1FT7W2BT_D,King Ranch,Pickup,Crew Cab
1FT7W2BTXCEB00260,1FT7W2BT_C,XLT,Pickup,Crew Cab
1FT7X2AT6CEA08190,1FT7X2AT_C,XL,Pickup,Extended Cab
1FT7X2B63BEC07219,1FT7X2B6_B,null,Pickup,Extended Cab
1FT7X2BT6EEA20129,1FT7X2BT_E,null,Pickup,Extended Cab
1FT8W3BT2GEB59738,1FT8W3BT_G,null,Pickup,Crew Cab
1FT8W3BT7DEA13797,1FT8W3BT_D,XL,Pickup,Crew Cab
1FT8W3BT7FEA33048,1FT8W3BT_F,XLT,Pickup,Crew Cab
1FT8W3DT7BEA84976,1FT8W3DT_B,King Ranch,Pickup,Crew Cab
1FTBF2A69CEC33355,1FTBF2A6_C,null,Pickup,Regular Cab
1FTCR10A1VTA42328,1FTCR10A_V,XL,Pickup,Regular Cab
1FTCR10U4TUA47024,1FTCR10U_T,XL,Pickup,Regular Cab
1FTCR14U4TTA16047,1FTCR14U_T,XL,Pickup,Extended Cab
1FTCR14UXRTA29510,1FTCR14U_R,XLT,Pickup,Extended Cab
1FTDF15N4KLA76574,1FTDF15N_K,null,Pickup,Regular Cab
1FTDF15Y8RNB67954,1FTDF15Y_R,XL,Pickup,Regular Cab
1FTDR15X0VTA72812,1FTDR15X_V,XLT,Pickup,Extended Cab
1FTDX08W0VKD01904,1FTDX08W_V,null,Pickup,Extended Cab
1FTEF14H1JNB17889,1FTEF14H_J,null,Pickup,Regular Cab
1FTEF15N1SNB50655,1FTEF15N_S,Eddie Bauer,Pickup,Regular Cab
1FTEF15N7RNB11515,1FTEF15N_R,XL,Pickup,Regular Cab
1FTEF15NXJNB56971,1FTEF15N_J,XL,Pickup,Regular Cab
1FTEF18L6VNC76959,1FTEF18L_V,XL,Pickup,Regular Cab
1FTEW1C80AFC04064,1FTEW1C8_A,XLT,Pickup,Crew Cab
1FTEW1C82AFC96701,1FTEW1C8_A,null,Pickup,Crew Cab
1FTEW1C84AFC75140,1FTEW1C8_A,XLT,Pickup,Crew Cab
1FTEW1C84FKD29616,1FTEW1C8_F,null,Pickup,Crew Cab
1FTEW1C88GFA17034,1FTEW1C8_G,null,Pickup,Crew Cab
1FTEW1CM1EFB62720,1FTEW1CM_E,null,Pickup,Crew Cab
1FTEW1CM2CKD41594,1FTEW1CM_C,XLT,Pickup,Crew Cab
1FTEW1CM3BFB16270,1FTEW1CM_B,XLT,Pickup,Crew Cab
1FTEW1CM3BFC84734,1FTEW1CM_B,XLT,Pickup,Crew Cab
1FTEW1CM4CKD22660,1FTEW1CM_C,XLT,Pickup,Crew Cab
1FTEW1CM5CFB11010,1FTEW1CM_C,XLT,Pickup,Crew Cab
1FTEW1CM5DKF08807,1FTEW1CM_D,XLT,Pickup,Crew Cab
1FTEW1E87FFA73087,1FTEW1E8_F,XLT,Pickup,Crew Cab
1FTEW1EF7FFC46993,1FTEW1EF_F,XL,Pickup,Crew Cab
1FTEW1EFXFKD83918,1FTEW1EF_F,XLT,Pickup,Crew Cab
1FTEW1EG4GKD02244,1FTEW1EG_G,null,Pickup,Crew Cab
1FTEW1EG5GFA87191,1FTEW1EG_G,null,Pickup,Crew Cab
1FTEX15N5SKA34163,1FTEX15N_S,null,Pickup,Extended Cab
1FTEX15N8TKA28083,1FTEX15N_T,null,Pickup,Extended Cab
1FTEX1C8XAFA77630,1FTEX1C8_A,XLT,Pickup,Extended Cab
1FTEX1CF1GKE01532,1FTEX1CF_G,XLT,Pickup,Extended Cab
1FTEX1CM1BFA95870,1FTEX1CM_B,STX,Pickup,Extended Cab
1FTEX1CM9CKD91969,1FTEX1CM_C,XL,Pickup,Extended Cab
1FTEX1CW3AFA34908,1FTEX1CW_A,null,Pickup,Extended Cab
1FTEX1CW4AFA77461,1FTEX1CW_A,null,Pickup,Extended Cab
1FTEX1E60AFD63563,1FTEX1E6_A,SVT Raptor,Pickup,Extended Cab
1FTEX1E84AFC93230,1FTEX1E8_A,XLT,Pickup,Extended Cab
1FTEX1E86AFB92254,1FTEX1E8_A,XLT,Pickup,Extended Cab
1FTEX1EM8EKF88406,1FTEX1EM_E,STX,Pickup,Extended Cab
1FTFW1CF1DFA89899,1FTFW1CF_D,null,Pickup,Crew Cab
1FTFW1CF3CKD84055,1FTFW1CF_C,XLT,Pickup,Crew Cab
1FTFW1CF6BKD51954,1FTFW1CF_B,XLT,Pickup,Crew Cab
