vin_prefix,year,make,model
137ZA903_W,1998,AM General,Hummer
19UYA225_X,1999,Acura,CL
19UYA426_1,2001,Acura,CL
19UDE2F7_G,2016,Acura,ILX
JH4DC445_R,1994,Acura,Integra
JH4KA763_P,1993,Acura,Legend
2HNYD186_1,2001,Acura,MDX
2HNYD182_2,2002,Acura,MDX
2HNYD186_2,2002,Acura,MDX
2HNYD182_3,2003,Acura,MDX
2HNYD189_3,2003,Acura,MDX
2HNYD182_4,2004,Acura,MDX
2HNYD187_4,2004,Acura,MDX
2HNYD189_4,2004,Acura,MDX
2HNYD186_5,2005,Acura,MDX
2HNYD188_5,2005,Acura,MDX
2HNYD186_6,2006,Acura,MDX
2HNYD188_6,2006,Acura,MDX
2HNYD282_7,2007,Acura,MDX
2HNYD283_7,2007,Acura,MDX
2HNYD282_8,2008,Acura,MDX
2HNYD283_8,2008,Acura,MDX
2HNYD284_8,2008,Acura,MDX
2HNYD285_8,2008,Acura,MDX
2HNYD2H4_A,2010,Acura,MDX
2HNYD2H6_B,2011,Acura,MDX
2HNYD2H4_D,2013,Acura,MDX
5FRYD3H2_E,2014,Acura,MDX
5FRYD3H4_G,2016,Acura,MDX
5J8TB182_7,2007,Acura,RDX
5J8TB185_7,2007,Acura,RDX
5J8TB185_8,2008,Acura,RDX
5J8TB182_9,2009,Acura,RDX
5J8TB3H5_D,2013,Acura,RDX
5J8TB4H3_D,2013,Acura,RDX
5J8TB3H3_E,2014,Acura,RDX
JH4KA966_4,2004,Acura,RL
JH4KB165_6,2006,Acura,RL
JH4KB165_8,2008,Acura,RL
JH4KB266_9,2009,Acura,RL
JH4DC548_6,2006,Acura,RSX
19UUA566_Y,2000,Acura,TL
19UUA566_2,2002,Acura,TL
19UUA567_2,2002,Acura,TL
19UUA568_2,2002,Acura,TL
19UUA569_2,2002,Acura,TL
19UUA566_3,2003,Acura,TL
19UUA655_4,2004,Acura,TL
19UUA662_4,2004,Acura,TL
19UUA662_5,2005,Acura,TL
19UUA662_6,2006,Acura,TL
19UUA662_7,2007,Acura,TL
19UUA765_7,2007,Acura,TL
19UUA662_8,2008,Acura,TL
19UUA862_9,2009,Acura,TL
19UUA8F2_A,2010,Acura,TL
19UUA8F5_A,2010,Acura,TL
19UUA9F5_A,2010,Acura,TL
19UUA8F5_C,2012,Acura,TL
19UUA8F2_D,2013,Acura,TL
19UUA8F5_D,2013,Acura,TL
19UUB2F3_G,2016,Acura,TLX
JH4CL968_6,2006,Acura,TSX
JH4CL969_7,2007,Acura,TSX
JH4CU266_9,2009,Acura,TSX
JH4CU2F6_A,2010,Acura,TSX
JH4CU2F6_B,2011,Acura,TSX
JH4CU2F4_C,2012,Acura,TSX
JH4CU2F4_E,2014,Acura,TSX
WAUNF78P_6,2006,Audi,A3
WAUNF78P_7,2007,Audi,A3
WAUA7GFF_G,2016,Audi,A3
WAUDA88D_T,1996,Audi,A4
WAULT68E_2,2002,Audi,A4
WAUAC48H_5,2005,Audi,A4
WAUAF78E_5,2005,Audi,A4
WAUBC48H_5,2005,Audi,A4
WAUAC48H_6,2006,Audi,A4
WAUBF78E_6,2006,Audi,A4
WAUDF78E_6,2006,Audi,A4
WAUDF78E_7,2007,Audi,A4
WAUAF78E_8,2008,Audi,A4
WAUDF78E_8,2008,Audi,A4
WAUDH48H_8,2008,Audi,A4
WAUSF78K_9,2009,Audi,A4
WAUAFAFL_A,2010,Audi,A4
WAUFFAFL_C,2012,Audi,A4
WAUAFAFL_E,2014,Audi,A4
WAUFFAFL_E,2014,Audi,A4
WAUBFAFL_F,2015,Audi,A4
WAUFFAFL_G,2016,Audi,A4
WAUCFAFR_D,2013,Audi,A5
WAULT64B_4,2004,Audi,A6
WAUDG74F_5,2005,Audi,A6
WAUDG74F_6,2006,Audi,A6
WAUKGAFB_B,2011,Audi,A6
WAUBGAFC_C,2012,Audi,A6
WAUCFAFC_D,2013,Audi,A6
WAUSGAFC_C,2012,Audi,A7
WAUML44D_2,2002,Audi,A8
WAUML44E_4,2004,Audi,A8
WAUML44E_5,2005,Audi,A8
WAUML44E_6,2006,Audi,A8
WAUMV94E_9,2009,Audi,A8
WA1YD64B_4,2004,Audi,Allroad
WA1UFAFL_G,2016,Audi,Allroad
WA1GFCFS_G,2016,Audi,Q3
WA1KK78R_9,2009,Audi,Q5
WA1CFAFP_C,2012,Audi,Q5
WA1LFAFP_C,2012,Audi,Q5
WA1LFAFP_D,2013,Audi,Q5
WA1LFAFP_E,2014,Audi,Q5
WA1BY74L_7,2007,Audi,Q7
WA1EY74L_7,2007,Audi,Q7
WA1EV74L_8,2008,Audi,Q7
WA1DGAFE_D,2013,Audi,Q7
WA1LMAFE_E,2014,Audi,Q7
WAURD68D_1,2001,Audi,S4
WAUKGAFL_A,2010,Audi,S4
WAUCGAFH_E,2014,Audi,S5
TRUTC28N_Y,2000,Audi,TT
TRUTC28N_1,2001,Audi,TT
TRUUT28N_2,2002,Audi,TT
TRUJF38J_9,2009,Audi,TT
WBAUL735_9,2009,BMW,1 Series
WBAUP735_9,2009,BMW,1 Series
WBAUL7C5_A,2010,BMW,1 Series
WBAUC9C5_D,2013,BMW,1 Series
WBAUL7C5_D,2013,BMW,1 Series
WBAUP7C5_D,2013,BMW,1 Series
WBA1L9C5_G,2016,BMW,2 Series
WBA1M1C5_G,2016,BMW,2 Series
WBABJ632_S,1995,BMW,3 Series
WBABF732_W,1998,BMW,3 Series
WBABG232_W,1998,BMW,3 Series
WBAAM333_Y,2000,BMW,3 Series
WBAAM334_Y,2000,BMW,3 Series
WBABR334_Y,2000,BMW,3 Series
WBAAV334_1,2001,BMW,3 Series
WBAAV534_1,2001,BMW,3 Series
WBABS534_1,2001,BMW,3 Series
WBAEV334_2,2002,BMW,3 Series
WBAEV534_2,2002,BMW,3 Series
WBAEV334_3,2003,BMW,3 Series
WBAEV534_3,2003,BMW,3 Series
WBAEW534_3,2003,BMW,3 Series
WBABD334_4,2004,BMW,3 Series
WBABD534_4,2004,BMW,3 Series
WBABW334_4,2004,BMW,3 Series
WBABW534_4,2004,BMW,3 Series
WBAET374_4,2004,BMW,3 Series
WBAEU334_4,2004,BMW,3 Series
WBAEV334_4,2004,BMW,3 Series
WBAEV534_4,2004,BMW,3 Series
WBABW334_5,2005,BMW,3 Series
WBAEU334_5,2005,BMW,3 Series
WBAEV534_5,2005,BMW,3 Series
WBABD534_6,2006,BMW,3 Series
WBABW334_6,2006,BMW,3 Series
WBAVB135_6,2006,BMW,3 Series
WBAVB175_6,2006,BMW,3 Series
WBAVB335_6,2006,BMW,3 Series
WBAVD135_6,2006,BMW,3 Series
WBAVA335_7,2007,BMW,3 Series
WBAVA375_7,2007,BMW,3 Series
WBAVC935_7,2007,BMW,3 Series
WBAVD535_7,2007,BMW,3 Series
WBAWL735_7,2007,BMW,3 Series
WBAVA335_8,2008,BMW,3 Series
WBAVA375_8,2008,BMW,3 Series
WBAVB735_8,2008,BMW,3 Series
WBAVD535_8,2008,BMW,3 Series
WBAWB335_8,2008,BMW,3 Series
WBAWC735_8,2008,BMW,3 Series
WBAWL135_8,2008,BMW,3 Series
WBAWL735_8,2008,BMW,3 Series
WBAPH575_9,2009,BMW,3 Series
WBAPH735_9,2009,BMW,3 Series
WBAPH775_9,2009,BMW,3 Series
WBAPK535_9,2009,BMW,3 Series
WBAWB735_9,2009,BMW,3 Series
WBAPN7C5_A,2010,BMW,3 Series
WBAWR3C5_A,2010,BMW,3 Series
WBADW3C5_B,2011,BMW,3 Series
WBADW7C5_B,2011,BMW,3 Series
WBAKG1C5_B,2011,BMW,3 Series
WBAKG7C5_B,2011,BMW,3 Series
WBAPH7C5_B,2011,BMW,3 Series
WBAPH7G5_B,2011,BMW,3 Series
WBA3A5C5_D,2013,BMW,3 Series
WBA3A9G5_D,2013,BMW,3 Series
WBA3B3C5_D,2013,BMW,3 Series
WBA3B5G5_D,2013,BMW,3 Series
WBA3C1C5_D,2013,BMW,3 Series
WBA3C1G5_D,2013,BMW,3 Series
WBADW3C5_D,2013,BMW,3 Series
WBA3B1G5_E,2014,BMW,3 Series
WBA3C3C5_E,2014,BMW,3 Series
WBA3X5C5_E,2014,BMW,3 Series
WBA3B3C5_F,2015,BMW,3 Series
WBA8E3G5_G,2016,BMW,3 Series
WBADN634_3,2003,BMW,5 Series
WBADT434_3,2003,BMW,5 Series
WBADT634_3,2003,BMW,5 Series
WBANA735_4,2004,BMW,5 Series
WBANB335_4,2004,BMW,5 Series
WBANA535_5,2005,BMW,5 Series
WBANA735_5,2005,BMW,5 Series
WBANB535_6,2006,BMW,5 Series
WBANE535_6,2006,BMW,5 Series
WBANE735_6,2006,BMW,5 Series
WBANF335_6,2006,BMW,5 Series
WBANN735_6,2006,BMW,5 Series
WBANE535_7,2007,BMW,5 Series
WBANE735_7,2007,BMW,5 Series
WBANV935_8,2008,BMW,5 Series
WBANU535_9,2009,BMW,5 Series
WBANV135_9,2009,BMW,5 Series
WBANU5C5_A,2010,BMW,5 Series
WBANV1C5_A,2010,BMW,5 Series
WBANW1C5_A,2010,BMW,5 Series
WBAFR1C5_B,2011,BMW,5 Series
WBAFR9C5_B,2011,BMW,5 Series
WBAXG5C5_C,2012,BMW,5 Series
WBAFR7C5_D,2013,BMW,5 Series
WBAXG5C5_D,2013,BMW,5 Series
WBAXH5C5_D,2013,BMW,5 Series
WBA5B3C5_E,2014,BMW,5 Series
WBA5B3C5_F,2015,BMW,5 Series
WBAEH734_4,2004,BMW,6 Series
WBAEH734_5,2005,BMW,6 Series
WBAEH134_6,2006,BMW,6 Series
WBAEK134_6,2006,BMW,6 Series
WBAEK135_7,2007,BMW,6 Series
WBAEA535_8,2008,BMW,6 Series
WBAEB535_8,2008,BMW,6 Series
WBA6A0C5_F,2015,BMW,6 Series
WBAGG834_Y,2000,BMW,7 Series
WBAGN634_2,2002,BMW,7 Series
WBAGN834_3,2003,BMW,7 Series
WBAGN635_5,2005,BMW,7 Series
WBAHL035_6,2006,BMW,7 Series
WBAHL835_6,2006,BMW,7 Series
WBAHN835_6,2006,BMW,7 Series
WBAHL835_7,2007,BMW,7 Series
WBAHN835_7,2007,BMW,7 Series
WBAHN835_8,2008,BMW,7 Series
WBAKB835_9,2009,BMW,7 Series
WBAKB8C5_A,2010,BMW,7 Series
WBAYA8C5_D,2013,BMW,7 Series
WBAYE8C5_D,2013,BMW,7 Series
WBAYA8C5_E,2014,BMW,7 Series
WBSBR934_2,2002,BMW,M3
WBSBR934_5,2005,BMW,M3
WBSKG9C5_C,2012,BMW,M3
WBS3C9C5_F,2015,BMW,M3
WBS3R9C5_F,2015,BMW,M4
WBSDE934_3,2003,BMW,M5
WBSNB935_8,2008,BMW,M5
WBSEK935_7,2007,BMW,M6
WBXPA734_4,2004,BMW,X3
WBXPA934_4,2004,BMW,X3
WBXPA934_5,2005,BMW,X3
WBXPA934_6,2006,BMW,X3
WBXPC934_7,2007,BMW,X3
WBXPC934_8,2008,BMW,X3
WBXPC934_9,2009,BMW,X3
5UXWX9C5_E,2014,BMW,X3
5UXWX9C5_F,2015,BMW,X3
5UXWX9C5_G,2016,BMW,X3
5UXFA535_2,2002,BMW,X5
5UXFA535_3,2003,BMW,X5
5UXFB335_3,2003,BMW,X5
5UXFB535_5,2005,BMW,X5
5UXFB535_6,2006,BMW,X5
4USFE435_7,2007,BMW,X5
5UXFE435_7,2007,BMW,X5
5UXFE435_8,2008,BMW,X5
5UXFE4C5_A,2010,BMW,X5
5UXZV4C5_B,2011,BMW,X5
5UXZW0C5_B,2011,BMW,X5
5UXZV8C5_D,2013,BMW,X5
5UXKR0C5_E,2014,BMW,X5
5UXKR6C5_F,2015,BMW,X5
5UXKR0C5_G,2016,BMW,X5
5UXKT0C5_G,2016,BMW,X5
5UXFG2C5_D,2013,BMW,X6
4USCJ332_V,1997,BMW,Z3
4USCH732_W,1998,BMW,Z3
4USCH733_W,1998,BMW,Z3
4USCN534_2,2002,BMW,Z3
4USBT334_3,2003,BMW,Z4
4USBT335_4,2004,BMW,Z4
4USBT535_4,2004,BMW,Z4
4USBT535_5,2005,BMW,Z4
4USBU335_6,2006,BMW,Z4
SCBCR63W_4,2004,Bentley,Continental
SCBCR63W_5,2005,Bentley,Continental
SCBBR53W_6,2006,Bentley,Continental
SCBZR03D_L,1990,Bentley,Turbo
2G4WS52M_X,1999,Buick,Century
2G4WY52M_X,1999,Buick,Century
2G4WS52J_Y,2000,Buick,Century
2G4WS52J_1,2001,Buick,Century
2G4WY55J_1,2001,Buick,Century
2G4WS52J_2,2002,Buick,Century
5GAER137_8,2008,Buick,Enclave
5GAER237_8,2008,Buick,Enclave
5GAEV237_8,2008,Buick,Enclave
5GAER23D_9,2009,Buick,Enclave
5GAEV23D_9,2009,Buick,Enclave
5GALRBED_A,2010,Buick,Enclave
5GAKRBED_B,2011,Buick,Enclave
5GAKVCED_B,2011,Buick,Enclave
5GAKRCED_C,2012,Buick,Enclave
5GAKVDED_C,2012,Buick,Enclave
5GAKRAKD_E,2014,Buick,Enclave
5GAKRBKD_E,2014,Buick,Enclave
5GAKVAKD_E,2014,Buick,Enclave
5GAKVCKD_E,2014,Buick,Enclave
5GAKRCKD_F,2015,Buick,Enclave
5GAKRBKD_G,2016,Buick,Enclave
5GAKVBKD_G,2016,Buick,Enclave
5GAKRBKD_H,2017,Buick,Enclave
KL4CJBSB_D,2013,Buick,Encore
KL4CJASB_E,2014,Buick,Encore
KL4CJBSB_E,2014,Buick,Encore
KL4CJCSB_E,2014,Buick,Encore
KL4CJGSB_E,2014,Buick,Encore
KL4CJBSB_F,2015,Buick,Encore
KL4CJFSB_F,2015,Buick,Encore
KL4CJASB_G,2016,Buick,Encore
KL4CJCSB_G,2016,Buick,Encore
2G4WC532_5,2005,Buick,LaCrosse
2G4WC552_6,2006,Buick,LaCrosse
2G4WC582_6,2006,Buick,LaCrosse
2G4WD582_6,2006,Buick,LaCrosse
2G4WE587_6,2006,Buick,LaCrosse
2G4WD582_7,2007,Buick,LaCrosse
2G4WC582_8,2008,Buick,LaCrosse
2G4WD582_8,2008,Buick,LaCrosse
2G4WD582_9,2009,Buick,LaCrosse
1G4GC5EC_B,2011,Buick,LaCrosse
1G4GE5ED_B,2011,Buick,LaCrosse
1G4GD5E3_C,2012,Buick,LaCrosse
1G4GF5E3_C,2012,Buick,LaCrosse
1G4GA5E3_D,2013,Buick,LaCrosse
1G4GC5E3_D,2013,Buick,LaCrosse
1G4GB5G3_E,2014,Buick,LaCrosse
1G4GD5G3_E,2014,Buick,LaCrosse
1G4GB5G3_G,2016,Buick,LaCrosse
1G4HP52K_V,1997,Buick,LeSabre
1G4HP54K_2,2002,Buick,LeSabre
1G4HP52K_3,2003,Buick,LeSabre
1G4HR54K_3,2003,Buick,LeSabre
1G4HP52K_4,2004,Buick,LeSabre
1G4HP52K_5,2005,Buick,LeSabre
1G4HP54K_5,2005,Buick,LeSabre
1G4HD572_6,2006,Buick,Lucerne
1G4HE57Y_6,2006,Buick,Lucerne
1G4HR57Y_6,2006,Buick,Lucerne
1G4HE5EM_A,2010,Buick,Lucerne
1G4CW52K_W,1998,Buick,Park Avenue
1G4CW52K_X,1999,Buick,Park Avenue
1G4CU521_Y,2000,Buick,Park Avenue
1G4CU541_Y,2000,Buick,Park Avenue
2G4WF52K_T,1996,Buick,Regal
2G4WB52K_3,2003,Buick,Regal
2G4WB55K_4,2004,Buick,Regal
2G4GN5EC_B,2011,Buick,Regal
W04GN5EC_B,2011,Buick,Regal
W04GS5EC_B,2011,Buick,Regal
2G4GR5EK_C,2012,Buick,Regal
2G4GS5EV_D,2013,Buick,Regal
2G4GT5GV_D,2013,Buick,Regal
2G4GR5GX_E,2014,Buick,Regal
2G4GT5GX_F,2015,Buick,Regal
2G4GK5EX_G,2016,Buick,Regal
2G4GP5EX_G,2016,Buick,Regal
3G5DA03E_2,2002,Buick,Rendezvous
3G5DA03E_3,2003,Buick,Rendezvous
3G5DB037_4,2004,Buick,Rendezvous
3G5DB03E_4,2004,Buick,Rendezvous
3G5DA03L_6,2006,Buick,Rendezvous
3G5DA03L_7,2007,Buick,Rendezvous
1G4BN52P_T,1996,Buick,Roadmaster
5GADV33L_5,2005,Buick,Terraza
1G4PP5SK_C,2012,Buick,Verano
1G4PP5SK_D,2013,Buick,Verano
1G4PP5SK_E,2014,Buick,Verano
1G4PN5SK_F,2015,Buick,Verano
1G6AA5RX_D,2013,Cadillac,ATS
1G6AH5R3_D,2013,Cadillac,ATS
1G6AB5RA_F,2015,Cadillac,ATS
1G6AB5RX_G,2016,Cadillac,ATS
1G6VR317_H,1987,Cadillac,Allante
1G6VS339_P,1993,Cadillac,Allante
1G6DM57N_3,2003,Cadillac,CTS
1G6DM577_4,2004,Cadillac,CTS
1G6DM56T_5,2005,Cadillac,CTS
1G6DP567_5,2005,Cadillac,CTS
1G6DM57T_6,2006,Cadillac,CTS
1G6DP577_6,2006,Cadillac,CTS
1G6DM57T_7,2007,Cadillac,CTS
1G6DF577_8,2008,Cadillac,CTS
1G6DJ577_8,2008,Cadillac,CTS
1G6DM577_8,2008,Cadillac,CTS
1G6DR57V_8,2008,Cadillac,CTS
1G6DF577_9,2009,Cadillac,CTS
1G6DG577_9,2009,Cadillac,CTS
1G6DJ577_9,2009,Cadillac,CTS
1G6DS57V_9,2009,Cadillac,CTS
1G6DE5EG_A,2010,Cadillac,CTS
1G6DJ5EV_A,2010,Cadillac,CTS
1G6DA5EY_B,2011,Cadillac,CTS
1G6DK1ED_B,2011,Cadillac,CTS
1G6DP1E3_C,2012,Cadillac,CTS
1G6DV8EP_C,2012,Cadillac,CTS
1G6AP5SX_E,2014,Cadillac,CTS
1G6AS5SX_E,2014,Cadillac,CTS
1G6DC1E3_E,2014,Cadillac,CTS
1G6KD57Y_6,2006,Cadillac,DTS
1G6KD57Y_7,2007,Cadillac,DTS
1G6KD579_8,2008,Cadillac,DTS
1G6KD57Y_8,2008,Cadillac,DTS
1G6KD52B_S,1995,Cadillac,DeVille
1G6KD52Y_T,1996,Cadillac,DeVille
1G6KD54Y_V,1997,Cadillac,DeVille
1G6KE57Y_Y,2000,Cadillac,DeVille
1G6KD54Y_1,2001,Cadillac,DeVille
1G6KD54Y_2,2002,Cadillac,DeVille
1G6KF579_2,2002,Cadillac,DeVille
1G6KD54Y_5,2005,Cadillac,DeVille
1G6EL12Y_2,2002,Cadillac,Eldorado
1GYEK13R_X,1999,Cadillac,Escalade
1GYEK13R_Y,2000,Cadillac,Escalade
1GYEK63R_Y,2000,Cadillac,Escalade
1GYEK63N_2,2002,Cadillac,Escalade
3GYEK63N_2,2002,Cadillac,Escalade
1GYEC63T_3,2003,Cadillac,Escalade
1GYEK63N_3,2003,Cadillac,Escalade
1GYEK63N_4,2004,Cadillac,Escalade
3GYEK62N_4,2004,Cadillac,Escalade
3GYFK66N_4,2004,Cadillac,Escalade
1GYEC63N_5,2005,Cadillac,Escalade
1GYEK63N_5,2005,Cadillac,Escalade
1GYEC63N_6,2006,Cadillac,Escalade
3GYEK62N_6,2006,Cadillac,Escalade
3GYFK66N_6,2006,Cadillac,Escalade
1GYEC638_7,2007,Cadillac,Escalade
1GYFK638_7,2007,Cadillac,Escalade
1GYFK668_7,2007,Cadillac,Escalade
3GYFK628_7,2007,Cadillac,Escalade
1GYEC638_8,2008,Cadillac,Escalade
1GYFK638_8,2008,Cadillac,Escalade
1GYFK668_8,2008,Cadillac,Escalade
3GYFK628_8,2008,Cadillac,Escalade
1GYFK232_9,2009,Cadillac,Escalade
1GYUCBEF_A,2010,Cadillac,Escalade
1GYS3PKJ_F,2015,Cadillac,Escalade
1G6AB698_C,1982,Cadillac,Fleetwood
1G6DW52P_S,1995,Cadillac,Fleetwood
1GYDE63A_4,2004,Cadillac,SRX
1GYEE637_4,2004,Cadillac,SRX
1GYEE63A_4,2004,Cadillac,SRX
1GYEE637_5,2005,Cadillac,SRX
1GYEE637_6,2006,Cadillac,SRX
1GYEE63A_6,2006,Cadillac,SRX
3GYFNDEY_A,2010,Cadillac,SRX
3GYFNGEY_A,2010,Cadillac,SRX
3GYFNJE4_A,2010,Cadillac,SRX
3GYFNAEY_B,2011,Cadillac,SRX
3GYFNBEY_B,2011,Cadillac,SRX
3GYFNAE3_D,2013,Cadillac,SRX
3GYFNCE3_D,2013,Cadillac,SRX
3GYFNBE3_F,2015,Cadillac,SRX
3GYFNBE3_G,2016,Cadillac,SRX
1G6DC67A_5,2005,Cadillac,STS
1G6DW677_5,2005,Cadillac,STS
1G6DC67A_6,2006,Cadillac,STS
1G6DW677_6,2006,Cadillac,STS
1G6DC67A_7,2007,Cadillac,STS
1G6KS52Y_V,1997,Cadillac,Seville
2G61P5S3_D,2013,Cadillac,XTS
2G61M5S3_E,2014,Cadillac,XTS
2G61U5S3_F,2015,Cadillac,XTS
2G61M5S3_G,2016,Cadillac,XTS
1GNDM15Z_K,1989,Chevrolet,Astro
3GNEC13T_2,2002,Chevrolet,Avalanche 1500
3GNEK13T_2,2002,Chevrolet,Avalanche 1500
3GNEC13T_3,2003,Chevrolet,Avalanche 1500
3GNEK13T_3,2003,Chevrolet,Avalanche 1500
3GNEC12T_4,2004,Chevrolet,Avalanche 1500
3GNEK12T_4,2004,Chevrolet,Avalanche 1500
3GNEC12Z_5,2005,Chevrolet,Avalanche 1500
3GNEK12Z_5,2005,Chevrolet,Avalanche 1500
3GNEC12Z_6,2006,Chevrolet,Avalanche 1500
3GNEC120_7,2007,Chevrolet,Avalanche 1500
3GNEC12J_7,2007,Chevrolet,Avalanche 1500
3GNFK123_7,2007,Chevrolet,Avalanche 1500
3GNEC120_8,2008,Chevrolet,Avalanche 1500
3GNFK123_8,2008,Chevrolet,Avalanche 1500
3GNEC12J_9,2009,Chevrolet,Avalanche 1500
3GNEC220_9,2009,Chevrolet,Avalanche 1500
3GNFK320_9,2009,Chevrolet,Avalanche 1500
3GNNCEE0_A,2010,Chevrolet,Avalanche 1500
3GNVKGE0_A,2010,Chevrolet,Avalanche 1500
3GNTKGE3_B,2011,Chevrolet,Avalanche 1500
3GNMCGE0_D,2013,Chevrolet,Avalanche 1500
KL1TD526_5,2005,Chevrolet,Aveo
KL1TG566_7,2007,Chevrolet,Aveo
KL1TD566_8,2008,Chevrolet,Aveo
KL1TD56E_9,2009,Chevrolet,Aveo
KL1TG56E_9,2009,Chevrolet,Aveo
KL1TD5DE_A,2010,Chevrolet,Aveo
KL1TD6DE_B,2011,Chevrolet,Aveo
KL1TG5DE_B,2011,Chevrolet,Aveo
1GNCT18Z_K,1989,Chevrolet,Blazer
1GNDT13W_T,1996,Chevrolet,Blazer
1GNCS13W_Y,2000,Chevrolet,Blazer
1GNCS18W_Y,2000,Chevrolet,Blazer
1GNDT13W_Y,2000,Chevrolet,Blazer
1GNCS13W_1,2001,Chevrolet,Blazer
1GNDT13W_1,2001,Chevrolet,Blazer
1GNDT13W_2,2002,Chevrolet,Blazer
1GNCS18X_3,2003,Chevrolet,Blazer
1GNDT13X_3,2003,Chevrolet,Blazer
1GNCS18X_4,2004,Chevrolet,Blazer
1GNDT13X_4,2004,Chevrolet,Blazer
1GCEK14H_B,1981,Chevrolet,C/K 10
2GCEK14H_F,1985,Chevrolet,C/K 10
1GCEK14L_G,1986,Chevrolet,C/K 10
1GCDC14K_L,1990,Chevrolet,C/K 1500
1GCEC19K_P,1993,Chevrolet,C/K 1500
2GCEK19K_P,1993,Chevrolet,C/K 1500
2GCEC19K_S,1995,Chevrolet,C/K 1500
1GCEK19R_T,1996,Chevrolet,C/K 1500
1GCEC19W_V,1997,Chevrolet,C/K 1500
1GCEK14R_W,1998,Chevrolet,C/K 1500
1GCGC29K_R,1994,Chevrolet,C/K 2500
1GCFC29M_T,1996,Chevrolet,C/K 2500
1GCFC24M_W,1998,Chevrolet,C/K 2500
1GCGC24R_W,1998,Chevrolet,C/K 2500
1GCHC39N_S,1995,Chevrolet,C/K 3500
1GCHK33F_V,1997,Chevrolet,C/K 3500
2G1FP32K_W,1998,Chevrolet,Camaro
2G1FP32K_1,2001,Chevrolet,Camaro
2G1FP22G_2,2002,Chevrolet,Camaro
2G1FP22K_2,2002,Chevrolet,Camaro
2G1FB1EV_A,2010,Chevrolet,Camaro
2G1FC1EV_A,2010,Chevrolet,Camaro
2G1FK1EJ_A,2010,Chevrolet,Camaro
2G1FS1EW_A,2010,Chevrolet,Camaro
2G1FA1ED_B,2011,Chevrolet,Camaro
2G1FB3DD_B,2011,Chevrolet,Camaro
2G1FC1ED_B,2011,Chevrolet,Camaro
2G1FJ1EJ_B,2011,Chevrolet,Camaro
2G1FK1EJ_B,2011,Chevrolet,Camaro
2G1FK3DJ_B,2011,Chevrolet,Camaro
2G1FA1E3_C,2012,Chevrolet,Camaro
2G1FS1EP_C,2012,Chevrolet,Camaro
2G1FA1E3_D,2013,Chevrolet,Camaro
2G1FA1E3_E,2014,Chevrolet,Camaro
2G1FE1E3_E,2014,Chevrolet,Camaro
2G1FF1E3_E,2014,Chevrolet,Camaro
2G1FJ1EJ_E,2014,Chevrolet,Camaro
2G1FD1E3_F,2015,Chevrolet,Camaro
2G1FD3D3_F,2015,Chevrolet,Camaro
2G1FK3DJ_F,2015,Chevrolet,Camaro
1G1FB1RX_G,2016,Chevrolet,Camaro
1G1FH1R7_H,2017,Chevrolet,Camaro
3GNAL3EK_D,2013,Chevrolet,Captiva Sport
3GNFL3EK_D,2013,Chevrolet,Captiva Sport
3GNAL1EK_E,2014,Chevrolet,Captiva Sport
3GNAL2EK_E,2014,Chevrolet,Captiva Sport
1G1JF52T_X,1999,Chevrolet,Cavalier
1G1JC124_Y,2000,Chevrolet,Cavalier
1G1JF12T_1,2001,Chevrolet,Cavalier
1G1JF524_2,2002,Chevrolet,Cavalier
1G1JS124_2,2002,Chevrolet,Cavalier
1G1JC52F_4,2004,Chevrolet,Cavalier
1G1JF52F_4,2004,Chevrolet,Cavalier
1G1AK52F_5,2005,Chevrolet,Cobalt
1G1AL12F_5,2005,Chevrolet,Cobalt
1G1AL14F_5,2005,Chevrolet,Cobalt
1G1AK15F_6,2006,Chevrolet,Cobalt
1G1AK55F_6,2006,Chevrolet,Cobalt
1G1AK15F_7,2007,Chevrolet,Cobalt
1G1AK58F_7,2007,Chevrolet,Cobalt
1G1AL15F_7,2007,Chevrolet,Cobalt
1G1AK58F_8,2008,Chevrolet,Cobalt
1G1AL58F_8,2008,Chevrolet,Cobalt
1G1AL18H_9,2009,Chevrolet,Cobalt
1G1AP18X_9,2009,Chevrolet,Cobalt
1G1AS58H_9,2009,Chevrolet,Cobalt
1G1AT58H_9,2009,Chevrolet,Cobalt
1G1AA1F5_A,2010,Chevrolet,Cobalt
1G1AB1F5_A,2010,Chevrolet,Cobalt
1G1AD5F5_A,2010,Chevrolet,Cobalt
1G1AF5F5_A,2010,Chevrolet,Cobalt
1GCCS146_4,2004,Chevrolet,Colorado
1GCCS196_4,2004,Chevrolet,Colorado
1GCDT196_4,2004,Chevrolet,Colorado
1GCCS196_5,2005,Chevrolet,Colorado
1GCDS196_5,2005,Chevrolet,Colorado
1GCDS198_5,2005,Chevrolet,Colorado
1GCDT136_5,2005,Chevrolet,Colorado
1GCCS198_6,2006,Chevrolet,Colorado
1GCDS136_6,2006,Chevrolet,Colorado
1GCDT136_6,2006,Chevrolet,Colorado
1GBDS14E_7,2007,Chevrolet,Colorado
1GCCS199_7,2007,Chevrolet,Colorado
1GCCS13E_8,2008,Chevrolet,Colorado
1GCCS14E_8,2008,Chevrolet,Colorado
1GCCS299_8,2008,Chevrolet,Colorado
1GCCS339_8,2008,Chevrolet,Colorado
1GCCS33E_8,2008,Chevrolet,Colorado
1GCCS199_9,2009,Chevrolet,Colorado
1GCCSCF9_B,2011,Chevrolet,Colorado
1GCGTCF9_B,2011,Chevrolet,Colorado
1GCHSDFE_B,2011,Chevrolet,Colorado
1GCESCFE_C,2012,Chevrolet,Colorado
1GCHTDFE_C,2012,Chevrolet,Colorado
1GCJTCF9_C,2012,Chevrolet,Colorado
1GCHS1EA_F,2015,Chevrolet,Colorado
1GCHSBE3_F,2015,Chevrolet,Colorado
1G1AY878_C,1982,Chevrolet,Corvette
1G1YY078_F,1985,Chevrolet,Corvette
1G1YY238_L,1990,Chevrolet,Corvette
1G1YY338_M,1991,Chevrolet,Corvette
1G1YY33P_P,1993,Chevrolet,Corvette
1G1YY32P_R,1994,Chevrolet,Corvette
1G1YY22P_S,1995,Chevrolet,Corvette
1G1YY32P_S,1995,Chevrolet,Corvette
1G1YY22G_V,1997,Chevrolet,Corvette
1G1YY22G_W,1998,Chevrolet,Corvette
1G1YY22G_X,1999,Chevrolet,Corvette
1G1YY32G_X,1999,Chevrolet,Corvette
1G1YY32G_Y,2000,Chevrolet,Corvette
1G1YY22G_1,2001,Chevrolet,Corvette
1G1YY12S_2,2002,Chevrolet,Corvette
1G1YY22G_2,2002,Chevrolet,Corvette
1G1YY12S_3,2003,Chevrolet,Corvette
1G1YY32G_3,2003,Chevrolet,Corvette
1G1YY12S_4,2004,Chevrolet,Corvette
1G1YY22G_4,2004,Chevrolet,Corvette
1G1YY32G_4,2004,Chevrolet,Corvette
1G1YY24U_5,2005,Chevrolet,Corvette
1G1YY34U_5,2005,Chevrolet,Corvette
1G1YY25U_6,2006,Chevrolet,Corvette
1G1YY26U_7,2007,Chevrolet,Corvette
1G1YY36U_7,2007,Chevrolet,Corvette
1G1YY26W_8,2008,Chevrolet,Corvette
1G1YY36W_8,2008,Chevrolet,Corvette
1G1YA2DW_B,2011,Chevrolet,Corvette
1G1YF2DW_B,2011,Chevrolet,Corvette
1G1YG3DW_B,2011,Chevrolet,Corvette
1G1YS3DW_C,2012,Chevrolet,Corvette
1G1YJ2D7_G,2016,Chevrolet,Corvette
1G1PC5SH_B,2011,Chevrolet,Cruze
1G1PE5S9_B,2011,Chevrolet,Cruze
1G1PF5S9_B,2011,Chevrolet,Cruze
1G1PG5S9_B,2011,Chevrolet,Cruze
1G1PK5S9_B,2011,Chevrolet,Cruze
1G1PC5SH_C,2012,Chevrolet,Cruze
1G1PD5SH_C,2012,Chevrolet,Cruze
1G1PF5SC_C,2012,Chevrolet,Cruze
1G1PG5SC_C,2012,Chevrolet,Cruze
1G1PA5SG_D,2013,Chevrolet,Cruze
1G1PA5SH_D,2013,Chevrolet,Cruze
1G1PC5SB_D,2013,Chevrolet,Cruze
1G1PE5SB_D,2013,Chevrolet,Cruze
1G1PK5SB_D,2013,Chevrolet,Cruze
1G1PA5SG_E,2014,Chevrolet,Cruze
1G1PC5SB_E,2014,Chevrolet,Cruze
1G1PD5SB_E,2014,Chevrolet,Cruze
1G1P15SH_F,2015,Chevrolet,Cruze
1G1PC5SB_F,2015,Chevrolet,Cruze
1G1PE5SB_F,2015,Chevrolet,Cruze
1G1BC5SM_G,2016,Chevrolet,Cruze
1G1PC5SH_G,2016,Chevrolet,Cruze
1G1PE5SB_G,2016,Chevrolet,Cruze
1G1PF5SB_G,2016,Chevrolet,Cruze
1G1PG5SB_G,2016,Chevrolet,Cruze
3GCCW80Z_F,1985,Chevrolet,El Camino
2CNDL13F_5,2005,Chevrolet,Equinox
2CNDL63F_5,2005,Chevrolet,Equinox
2CNDL73F_5,2005,Chevrolet,Equinox
2CNDL63F_6,2006,Chevrolet,Equinox
2CNDL73F_6,2006,Chevrolet,Equinox
2CNDL13F_7,2007,Chevrolet,Equinox
2CNDL23F_7,2007,Chevrolet,Equinox
2CNDL63F_7,2007,Chevrolet,Equinox
2CNDL33F_8,2008,Chevrolet,Equinox
2CNDL43F_8,2008,Chevrolet,Equinox
2CNDL537_8,2008,Chevrolet,Equinox
2CNDL53F_8,2008,Chevrolet,Equinox
2CNDL937_8,2008,Chevrolet,Equinox
2CNDL23F_9,2009,Chevrolet,Equinox
2CNDL53F_9,2009,Chevrolet,Equinox
2CNALDEW_A,2010,Chevrolet,Equinox
2CNALFEW_A,2010,Chevrolet,Equinox
2CNFLGEW_A,2010,Chevrolet,Equinox
2CNFLGEY_A,2010,Chevrolet,Equinox
2CNFLEEC_B,2011,Chevrolet,Equinox
2CNFLPE5_B,2011,Chevrolet,Equinox
2GNALBEC_B,2011,Chevrolet,Equinox
2GNALDEC_B,2011,Chevrolet,Equinox
2GNALBEK_C,2012,Chevrolet,Equinox
2GNALDEK_C,2012,Chevrolet,Equinox
2GNFLCEK_C,2012,Chevrolet,Equinox
2GNALBEK_D,2013,Chevrolet,Equinox
2GNALDEK_D,2013,Chevrolet,Equinox
2GNFLEEK_D,2013,Chevrolet,Equinox
2GNALAEK_E,2014,Chevrolet,Equinox
2GNFLGEK_E,2014,Chevrolet,Equinox
1GNALBEK_F,2015,Chevrolet,Equinox
1GNFLFEK_F,2015,Chevrolet,Equinox
1GNFLGEK_F,2015,Chevrolet,Equinox
2GNALAEK_F,2015,Chevrolet,Equinox
2GNALBEK_F,2015,Chevrolet,Equinox
2GNALCEK_F,2015,Chevrolet,Equinox
2GNALCEK_G,2016,Chevrolet,Equinox
2GNFLEEK_G,2016,Chevrolet,Equinox
2GNFLFEK_H,2017,Chevrolet,Equinox
1GBFG15R_X,1999,Chevrolet,Express
1GBJG31R_X,1999,Chevrolet,Express
1GBJG31U_3,2003,Chevrolet,Express
1GBFH15T_4,2004,Chevrolet,Express
1GCFG15T_5,2005,Chevrolet,Express
1GCGG25V_5,2005,Chevrolet,Express
1GCGG25V_6,2006,Chevrolet,Express
1GCGG292_6,2006,Chevrolet,Express
1GCGG25C_8,2008,Chevrolet,Express
1GAZG1FG_B,2011,Chevrolet,Express
1GCWGGCA_E,2014,Chevrolet,Express
1GAZG1FG_F,2015,Chevrolet,Express
3GNDA23P_6,2006,Chevrolet,HHR
3GNCA23D_8,2008,Chevrolet,HHR
3GNCA53P_8,2008,Chevrolet,HHR
3GNDA53P_8,2008,Chevrolet,HHR
3GNDA63X_8,2008,Chevrolet,HHR
3GNCA23B_9,2009,Chevrolet,HHR
3GNCA53V_9,2009,Chevrolet,HHR
3GNBAADB_A,2010,Chevrolet,HHR
3GNBAAFW_B,2011,Chevrolet,HHR
2G1WF52E_Y,2000,Chevrolet,Impala
2G1WF52E_1,2001,Chevrolet,Impala
2G1WF52E_2,2002,Chevrolet,Impala
2G1WH55K_2,2002,Chevrolet,Impala
2G1WF52E_3,2003,Chevrolet,Impala
2G1WF55E_3,2003,Chevrolet,Impala
2G1WH52K_3,2003,Chevrolet,Impala
2G1WF52E_4,2004,Chevrolet,Impala
2G1WH52K_4,2004,Chevrolet,Impala
2G1WH55K_4,2004,Chevrolet,Impala
2G1WP551_4,2004,Chevrolet,Impala
2G1WH52K_5,2005,Chevrolet,Impala
2G1WH55K_5,2005,Chevrolet,Impala
2G1WB58K_6,2006,Chevrolet,Impala
2G1WD58C_6,2006,Chevrolet,Impala
2G1WS551_6,2006,Chevrolet,Impala
2G1WT58K_6,2006,Chevrolet,Impala
2G1WU581_6,2006,Chevrolet,Impala
2G1WB58K_7,2007,Chevrolet,Impala
2G1WD58C_7,2007,Chevrolet,Impala
2G1WT58K_7,2007,Chevrolet,Impala
2G1WB58K_8,2008,Chevrolet,Impala
2G1WT58K_8,2008,Chevrolet,Impala
2G1WU583_8,2008,Chevrolet,Impala
2G1WB57N_9,2009,Chevrolet,Impala
2G1WS57M_9,2009,Chevrolet,Impala
2G1WT57K_9,2009,Chevrolet,Impala
2G1WT57N_9,2009,Chevrolet,Impala
2G1WA5EK_A,2010,Chevrolet,Impala
2G1WB5EK_A,2010,Chevrolet,Impala
2G1WC5EM_A,2010,Chevrolet,Impala
2G1WB5EK_B,2011,Chevrolet,Impala
2G1WG5EK_B,2011,Chevrolet,Impala
2G1WA5E3_C,2012,Chevrolet,Impala
2G1WB5E3_C,2012,Chevrolet,Impala
2G1WC5E3_C,2012,Chevrolet,Impala
2G1WG5E3_C,2012,Chevrolet,Impala
2G1WB5E3_D,2013,Chevrolet,Impala
2G1WC5E3_D,2013,Chevrolet,Impala
2G1WD5E3_D,2013,Chevrolet,Impala
2G1WF5E3_D,2013,Chevrolet,Impala
2G1WG5E3_D,2013,Chevrolet,Impala
1G11X5SL_E,2014,Chevrolet,Impala
2G1115SL_E,2014,Chevrolet,Impala
2G1125S3_E,2014,Chevrolet,Impala
2G1WC5E3_E,2014,Chevrolet,Impala
1G1115SL_F,2015,Chevrolet,Impala
1G1125S3_F,2015,Chevrolet,Impala
2G1125S3_F,2015,Chevrolet,Impala
2G1WA5E3_F,2015,Chevrolet,Impala
2G1WB5E3_F,2015,Chevrolet,Impala
2G1WC5E3_F,2015,Chevrolet,Impala
1G1115S3_G,2016,Chevrolet,Impala
2G1105SA_G,2016,Chevrolet,Impala
2G1115S3_G,2016,Chevrolet,Impala
2G1145S3_G,2016,Chevrolet,Impala
2G1WB5E3_G,2016,Chevrolet,Impala
2G1WC5E3_G,2016,Chevrolet,Impala
2G1WL52J_1,2001,Chevrolet,Lumina
1G1ND52T_X,1999,Chevrolet,Malibu
1G1ND52J_Y,2000,Chevrolet,Malibu
1G1NE52J_Y,2000,Chevrolet,Malibu
1G1NE52J_1,2001,Chevrolet,Malibu
1G1ND52J_3,2003,Chevrolet,Malibu
1G1NE52J_3,2003,Chevrolet,Malibu
1G1ZS52F_4,2004,Chevrolet,Malibu
1G1ZT528_5,2005,Chevrolet,Malibu
1G1ZT548_5,2005,Chevrolet,Malibu
1G1ZU548_5,2005,Chevrolet,Malibu
1G1ZS51F_6,2006,Chevrolet,Malibu
1G1ZT518_6,2006,Chevrolet,Malibu
1G1ZT51F_6,2006,Chevrolet,Malibu
1G1ZT538_6,2006,Chevrolet,Malibu
1G1ZU538_6,2006,Chevrolet,Malibu
1G1ZW531_6,2006,Chevrolet,Malibu
1G1ZS58N_7,2007,Chevrolet,Malibu
1G1ZU57N_7,2007,Chevrolet,Malibu
1G1ZW571_7,2007,Chevrolet,Malibu
1G1ZG57B_8,2008,Chevrolet,Malibu
1G1ZH57B_8,2008,Chevrolet,Malibu
1G1ZG57B_9,2009,Chevrolet,Malibu
1G1ZG57K_9,2009,Chevrolet,Malibu
1G1ZH57B_9,2009,Chevrolet,Malibu
1G1ZJ57B_9,2009,Chevrolet,Malibu
1G1ZK577_9,2009,Chevrolet,Malibu
1G1ZB5EB_A,2010,Chevrolet,Malibu
1G1ZC5E0_A,2010,Chevrolet,Malibu
1G1ZC5EB_A,2010,Chevrolet,Malibu
1G1ZD5E0_A,2010,Chevrolet,Malibu
1G1ZA5EU_B,2011,Chevrolet,Malibu
1G1ZB5E1_B,2011,Chevrolet,Malibu
1G1ZC5E1_B,2011,Chevrolet,Malibu
1G1ZC5EU_B,2011,Chevrolet,Malibu
1G1ZD5E1_B,2011,Chevrolet,Malibu
1G1ZD5EU_B,2011,Chevrolet,Malibu
1G1ZE5E1_B,2011,Chevrolet,Malibu
1G1ZA5EU_C,2012,Chevrolet,Malibu
1G1ZC5EU_C,2012,Chevrolet,Malibu
1G1ZD5E0_C,2012,Chevrolet,Malibu
1G1ZG5E7_C,2012,Chevrolet,Malibu
1G11C5SA_D,2013,Chevrolet,Malibu
1G11D5RR_D,2013,Chevrolet,Malibu
1G11E5SA_D,2013,Chevrolet,Malibu
1G11H5SA_D,2013,Chevrolet,Malibu
1G11B5SL_E,2014,Chevrolet,Malibu
1G11C5SL_E,2014,Chevrolet,Malibu
1G11A5SL_F,2015,Chevrolet,Malibu
1G11B5SL_F,2015,Chevrolet,Malibu
1G11C5SL_F,2015,Chevrolet,Malibu
1G11D5SL_F,2015,Chevrolet,Malibu
1G11F5SL_F,2015,Chevrolet,Malibu
1G11C5SA_G,2016,Chevrolet,Malibu
1G11E5SA_G,2016,Chevrolet,Malibu
1G1ZB5ST_G,2016,Chevrolet,Malibu
1G1ZS58F_8,2008,Chevrolet,Malibu Classic
1G1ZT628_5,2005,Chevrolet,Malibu Maxx
1G1ZW631_6,2006,Chevrolet,Malibu Maxx
1G1AZ37G_E,1984,Chevrolet,Monte Carlo
2G1WX15K_1,2001,Chevrolet,Monte Carlo
2G1WW12E_2,2002,Chevrolet,Monte Carlo
2G1WX15K_2,2002,Chevrolet,Monte Carlo
2G1WX12K_3,2003,Chevrolet,Monte Carlo
2G1WJ15K_6,2006,Chevrolet,Monte Carlo
2G1WL15C_6,2006,Chevrolet,Monte Carlo
2G1WM15K_6,2006,Chevrolet,Monte Carlo
2G1WN161_6,2006,Chevrolet,Monte Carlo
2G1WJ15K_7,2007,Chevrolet,Monte Carlo
1GBJP37W_B,1981,Chevrolet,P30
1Y1SK528_2,2002,Chevrolet,Prizm
1GCCS19Z_S,1995,Chevrolet,S-10
1GCDT14W_Y,2000,Chevrolet,S-10
1GCCS145_1,2001,Chevrolet,S-10
1GCCS19W_1,2001,Chevrolet,S-10
1GCCS19W_2,2002,Chevrolet,S-10
1GCCT19W_2,2002,Chevrolet,S-10
1GCDT13W_2,2002,Chevrolet,S-10
1GCCS14H_3,2003,Chevrolet,S-10
1GCCS19X_3,2003,Chevrolet,S-10
1GCDT13X_3,2003,Chevrolet,S-10
1GCES14H_5,2005,Chevrolet,SSR
1GCEK19T_X,1999,Chevrolet,Silverado 1500
2GCEK19T_X,1999,Chevrolet,Silverado 1500
1GCEK19T_Y,2000,Chevrolet,Silverado 1500
2GCEC19V_Y,2000,Chevrolet,Silverado 1500
2GCEK19T_Y,2000,Chevrolet,Silverado 1500
1GCEC14W_1,2001,Chevrolet,Silverado 1500
1GCEK19T_1,2001,Chevrolet,Silverado 1500
2GCEK19V_1,2001,Chevrolet,Silverado 1500
1GCEC19V_2,2002,Chevrolet,Silverado 1500
1GCEK19T_2,2002,Chevrolet,Silverado 1500
1GCEK19V_2,2002,Chevrolet,Silverado 1500
2GCEC19T_2,2002,Chevrolet,Silverado 1500
1GCEC14V_3,2003,Chevrolet,Silverado 1500
1GCEK19T_3,2003,Chevrolet,Silverado 1500
2GCEC19V_3,2003,Chevrolet,Silverado 1500
2GCEC19X_3,2003,Chevrolet,Silverado 1500
2GCEK19V_3,2003,Chevrolet,Silverado 1500
1GCEC19V_4,2004,Chevrolet,Silverado 1500
1GCEK19T_4,2004,Chevrolet,Silverado 1500
1GCEK19V_4,2004,Chevrolet,Silverado 1500
2GCEC19T_4,2004,Chevrolet,Silverado 1500
2GCEC19V_4,2004,Chevrolet,Silverado 1500
2GCEK19T_4,2004,Chevrolet,Silverado 1500
1GCEC14X_5,2005,Chevrolet,Silverado 1500
1GCEC19T_5,2005,Chevrolet,Silverado 1500
1GCEK14Z_5,2005,Chevrolet,Silverado 1500
1GCEK19B_5,2005,Chevrolet,Silverado 1500
1GCEK19T_5,2005,Chevrolet,Silverado 1500
1GCEK19V_5,2005,Chevrolet,Silverado 1500
2GCEC19N_5,2005,Chevrolet,Silverado 1500
2GCEK13T_5,2005,Chevrolet,Silverado 1500
1GCEC14T_6,2006,Chevrolet,Silverado 1500
1GCEC14V_6,2006,Chevrolet,Silverado 1500
1GCEC19V_6,2006,Chevrolet,Silverado 1500
1GCEC19X_6,2006,Chevrolet,Silverado 1500
1GCEK19Z_6,2006,Chevrolet,Silverado 1500
2GCEC13V_6,2006,Chevrolet,Silverado 1500
2GCEC19V_6,2006,Chevrolet,Silverado 1500
2GCEK13T_6,2006,Chevrolet,Silverado 1500
2GCEK19V_6,2006,Chevrolet,Silverado 1500
1GCEC14X_7,2007,Chevrolet,Silverado 1500
1GCEC19C_7,2007,Chevrolet,Silverado 1500
1GCEK190_7,2007,Chevrolet,Silverado 1500
2GCEC13J_7,2007,Chevrolet,Silverado 1500
2GCEC19C_7,2007,Chevrolet,Silverado 1500
2GCEK13C_7,2007,Chevrolet,Silverado 1500
2GCEK13M_7,2007,Chevrolet,Silverado 1500
2GCEK13Y_7,2007,Chevrolet,Silverado 1500
2GCEK19B_7,2007,Chevrolet,Silverado 1500
2GCEK19C_7,2007,Chevrolet,Silverado 1500
2GCEK19J_7,2007,Chevrolet,Silverado 1500
3GCEC13C_7,2007,Chevrolet,Silverado 1500
3GCEK13M_7,2007,Chevrolet,Silverado 1500
1GCEC14X_8,2008,Chevrolet,Silverado 1500
1GCEK14C_8,2008,Chevrolet,Silverado 1500
2GCEC19J_8,2008,Chevrolet,Silverado 1500
2GCEK133_8,2008,Chevrolet,Silverado 1500
2GCEK13M_8,2008,Chevrolet,Silverado 1500
2GCEK190_8,2008,Chevrolet,Silverado 1500
2GCEK19J_8,2008,Chevrolet,Silverado 1500
3GCEC13J_8,2008,Chevrolet,Silverado 1500
3GCEK13J_8,2008,Chevrolet,Silverado 1500
1GCEC14C_9,2009,Chevrolet,Silverado 1500
1GCEC19X_9,2009,Chevrolet,Silverado 1500
1GCEK290_9,2009,Chevrolet,Silverado 1500
1GCEK29C_9,2009,Chevrolet,Silverado 1500
1GCEK29J_9,2009,Chevrolet,Silverado 1500
2GCEK29C_9,2009,Chevrolet,Silverado 1500
3GCEC33J_9,2009,Chevrolet,Silverado 1500
3GCEK233_9,2009,Chevrolet,Silverado 1500
3GCEK23M_9,2009,Chevrolet,Silverado 1500
3GCEK33M_9,2009,Chevrolet,Silverado 1500
1GCPCPEX_A,2010,Chevrolet,Silverado 1500
1GCSCSE0_A,2010,Chevrolet,Silverado 1500
3GCRCREA_A,2010,Chevrolet,Silverado 1500
3GCRCSEA_A,2010,Chevrolet,Silverado 1500
3GCRKSE3_A,2010,Chevrolet,Silverado 1500
1GCNCSE0_B,2011,Chevrolet,Silverado 1500
1GCNKSE0_B,2011,Chevrolet,Silverado 1500
1GCRCPEX_B,2011,Chevrolet,Silverado 1500
1GCRCSE0_B,2011,Chevrolet,Silverado 1500
1GCRKPE3_B,2011,Chevrolet,Silverado 1500
1GCRKSE3_B,2011,Chevrolet,Silverado 1500
3GCPCSE0_B,2011,Chevrolet,Silverado 1500
3GCPCSEA_B,2011,Chevrolet,Silverado 1500
3GCPKSE3_B,2011,Chevrolet,Silverado 1500
3GCPKTE3_B,2011,Chevrolet,Silverado 1500
1GCNCPEX_C,2012,Chevrolet,Silverado 1500
1GCPKSE7_C,2012,Chevrolet,Silverado 1500
1GCRCREA_C,2012,Chevrolet,Silverado 1500
1GCRKSE7_C,2012,Chevrolet,Silverado 1500
3GCPCREA_C,2012,Chevrolet,Silverado 1500
3GCPCSE0_C,2012,Chevrolet,Silverado 1500
3GCPKSE7_C,2012,Chevrolet,Silverado 1500
1GCRCSEA_D,2013,Chevrolet,Silverado 1500
1GCRKSE7_D,2013,Chevrolet,Silverado 1500
3GCPCREA_D,2013,Chevrolet,Silverado 1500
3GCPCSE0_D,2013,Chevrolet,Silverado 1500
3GCPKSE7_D,2013,Chevrolet,Silverado 1500
1GCRCREC_E,2014,Chevrolet,Silverado 1500
1GCVKREC_E,2014,Chevrolet,Silverado 1500
1GCVKREH_E,2014,Chevrolet,Silverado 1500
3GCPCREC_E,2014,Chevrolet,Silverado 1500
3GCUKREC_E,2014,Chevrolet,Silverado 1500
3GCUKSEC_E,2014,Chevrolet,Silverado 1500
3GCUKTEC_E,2014,Chevrolet,Silverado 1500
3GCPCPEC_F,2015,Chevrolet,Silverado 1500
3GCPCREC_F,2015,Chevrolet,Silverado 1500
3GCPCREH_F,2015,Chevrolet,Silverado 1500
3GCPCSEC_F,2015,Chevrolet,Silverado 1500
3GCUKREC_F,2015,Chevrolet,Silverado 1500
3GCPCREC_G,2016,Chevrolet,Silverado 1500
3GCUKREC_G,2016,Chevrolet,Silverado 1500
1GCGK29U_Y,2000,Chevrolet,Silverado 2500
